<?xml version="1.0" encoding="UTF-8"?>

<ApolloSections xmlns:xsi="http://www.w3.org/2001/XMLSchema-instance" xsi:noNamespaceSchemaLocation="opencms://system/modules/org.opencms.apollo/schemas/section.xsd">
  <ApolloSection language="en">
    <Headline><![CDATA[Get the best quality]]></Headline>
    <Text name="Text0">
      <links/>
      <content><![CDATA[<p>We always look out for the best materials around the world to make you office equipment durable, comfortable, effective and additionally eco friendly.</p>]]></content>
    </Text>
    <Image>
      <Image>
        <link type="WEAK">
          <target><![CDATA[/sites/unilingual/.galleries/office/06.jpg]]></target>
          <uuid>8a7bca0b-a0fc-11e6-b3cf-c3d2e24f648c</uuid>
        </link>
      </Image>
      <Copyright><![CDATA[CC0 Public Domain / unsplash.com]]></Copyright>
    </Image>
  </ApolloSection>
</ApolloSections>
