<?xml version="1.0" encoding="UTF-8"?>

<ApolloSections xmlns:xsi="http://www.w3.org/2001/XMLSchema-instance" xsi:noNamespaceSchemaLocation="opencms://system/modules/org.opencms.apollo/schemas/section.xsd">
  <ApolloSection language="en">
    <Headline><![CDATA[Be transparent]]></Headline>
    <Text name="Text0">
      <links/>
      <content><![CDATA[<p>We let you know how our products are produced, were materials come from and who works for us.</p>]]></content>
    </Text>
    <Image>
      <Image>
        <link type="WEAK">
          <target><![CDATA[/sites/unilingual/.galleries/people/19.jpg]]></target>
          <uuid>8b6651b2-a0fc-11e6-b3cf-c3d2e24f648c</uuid>
        </link>
      </Image>
      <Copyright><![CDATA[CC0 Public Domain / publicdomainpictures.net]]></Copyright>
    </Image>
  </ApolloSection>
</ApolloSections>
