<?xml version="1.0" encoding="UTF-8"?>

<ApolloSections xmlns:xsi="http://www.w3.org/2001/XMLSchema-instance" xsi:noNamespaceSchemaLocation="opencms://system/modules/org.opencms.apollo/schemas/section.xsd">
  <ApolloSection language="en">
    <Headline><![CDATA[More than just a pencil]]></Headline>
    <Text name="Text0">
      <links/>
      <content><![CDATA[<p>Our pencils bring the best of pens, markers and classical pencils together. You can wipe them out as a classical pencil. But additionally the are water-proof and available in any color and size you like. Use them as pen. Use them as marker. They will do.</p>]]></content>
    </Text>
    <Image>
      <Image>
        <link type="WEAK">
          <target><![CDATA[/sites/unilingual/.galleries/office/02.jpg]]></target>
          <uuid>8a629cab-a0fc-11e6-b3cf-c3d2e24f648c</uuid>
        </link>
      </Image>
      <Copyright><![CDATA[CC0 Public Domain / unsplash.com]]></Copyright>
    </Image>
  </ApolloSection>
</ApolloSections>
