<?xml version="1.0" encoding="UTF-8"?>

<ApolloNavigations xmlns:xsi="http://www.w3.org/2001/XMLSchema-instance" xsi:noNamespaceSchemaLocation="opencms://system/modules/org.opencms.apollo/schemas/navigation.xsd">
  <ApolloNavigation language="en">
    <Title><![CDATA[First level side navigation]]></Title>
    <NavStartLevel><![CDATA[1]]></NavStartLevel>
    <LogoImage/>
    <LogoFullWidth>false</LogoFullWidth>
    <LogoLink>
      <link internal="true" type="WEAK">
        <target><![CDATA[/sites/unilingual/]]></target>
        <uuid>34d6b318-a0d6-11e6-a517-c3d2e24f648c</uuid>
      </link>
    </LogoLink>
    <Header name="Header0">
      <links/>
      <content/>
    </Header>
  </ApolloNavigation>
</ApolloNavigations>
