<?xml version="1.0" encoding="UTF-8"?>

<export>
	<info>
		<creator>Admin</creator>
		<opencms_version>10.5.x</opencms_version>
		<createdate>Tue, 08 Nov 2016 09:48:35 GMT</createdate>
		<infoproject>Offline</infoproject>
		<export_version>10</export_version>
	</info>
	<files>
		<file>
			<destination/>
			<type>subsitemap</type>
			<uuidstructure>34d6b318-a0d6-11e6-a517-c3d2e24f648c</uuidstructure>
			<datelastmodified>Wed, 02 Nov 2016 08:27:35 GMT</datelastmodified>
			<userlastmodified>Admin</userlastmodified>
			<datecreated>Wed, 02 Nov 2016 08:27:35 GMT</datecreated>
			<usercreated>Admin</usercreated>
			<flags>0</flags>
			<properties>
				<property>
					<name>template</name>
					<value><![CDATA[/system/modules/org.opencms.apollo/templates/apollo-page.jsp]]></value>
				</property>
				<property type="shared">
					<name>template</name>
					<value><![CDATA[/system/modules/org.opencms.apollo/templates/apollo-page.jsp]]></value>
				</property>
			</properties>
			<relations/>
			<accesscontrol/>
		</file>
		<file>
			<source>index.html</source>
			<destination>index.html</destination>
			<type>htmlredirect</type>
			<uuidstructure>50ebe537-a0f4-11e6-b3cf-c3d2e24f648c</uuidstructure>
			<uuidresource>50ebe538-a0f4-11e6-b3cf-c3d2e24f648c</uuidresource>
			<datelastmodified>Wed, 02 Nov 2016 13:25:34 GMT</datelastmodified>
			<userlastmodified>Admin</userlastmodified>
			<datecreated>Wed, 02 Nov 2016 12:03:07 GMT</datecreated>
			<usercreated>Admin</usercreated>
			<flags>0</flags>
			<properties>
				<property>
					<name>Title</name>
					<value><![CDATA[Redirect to first page in navigation]]></value>
				</property>
				<property>
					<name>locale-available</name>
					<value><![CDATA[en]]></value>
				</property>
				<property>
					<name>search.exclude</name>
					<value><![CDATA[all]]></value>
				</property>
			</properties>
			<relations/>
			<accesscontrol/>
		</file>
		<file>
			<destination>.content</destination>
			<type>content_folder</type>
			<uuidstructure>34dccd9c-a0d6-11e6-a517-c3d2e24f648c</uuidstructure>
			<datelastmodified>Wed, 02 Nov 2016 08:27:35 GMT</datelastmodified>
			<userlastmodified>Admin</userlastmodified>
			<datecreated>Wed, 02 Nov 2016 08:27:35 GMT</datecreated>
			<usercreated>Admin</usercreated>
			<flags>0</flags>
			<properties/>
			<relations/>
			<accesscontrol/>
		</file>
		<file>
			<source>.content/.config</source>
			<destination>.content/.config</destination>
			<type>sitemap_config</type>
			<uuidstructure>34dfb3ce-a0d6-11e6-a517-c3d2e24f648c</uuidstructure>
			<uuidresource>34dfb3cf-a0d6-11e6-a517-c3d2e24f648c</uuidresource>
			<datelastmodified>Thu, 03 Nov 2016 09:48:08 GMT</datelastmodified>
			<userlastmodified>Admin</userlastmodified>
			<datecreated>Wed, 02 Nov 2016 08:27:35 GMT</datecreated>
			<usercreated>Admin</usercreated>
			<flags>512</flags>
			<properties>
				<property>
					<name>Title</name>
					<value><![CDATA[Sitemap configuration file]]></value>
				</property>
				<property>
					<name>locale</name>
					<value><![CDATA[en]]></value>
				</property>
				<property>
					<name>locale-available</name>
					<value><![CDATA[en]]></value>
				</property>
				<property>
					<name>search.exclude</name>
					<value><![CDATA[all]]></value>
				</property>
			</properties>
			<relations/>
			<accesscontrol/>
		</file>
		<file>
			<destination>.content/.modelgroups</destination>
			<type>folder</type>
			<uuidstructure>67c26f9f-a0d6-11e6-a517-c3d2e24f648c</uuidstructure>
			<datelastmodified>Wed, 02 Nov 2016 08:29:00 GMT</datelastmodified>
			<userlastmodified>Admin</userlastmodified>
			<datecreated>Wed, 02 Nov 2016 08:29:00 GMT</datecreated>
			<usercreated>Admin</usercreated>
			<flags>0</flags>
			<properties>
				<property>
					<name>search.exclude</name>
					<value><![CDATA[all]]></value>
				</property>
			</properties>
			<relations/>
			<accesscontrol/>
		</file>
		<file>
			<source>.content/.modelgroups/modelgroup_0001.html</source>
			<destination>.content/.modelgroups/modelgroup_0001.html</destination>
			<type>containerpage</type>
			<uuidstructure>67da3d62-a0d6-11e6-a517-c3d2e24f648c</uuidstructure>
			<uuidresource>67da3d63-a0d6-11e6-a517-c3d2e24f648c</uuidresource>
			<datelastmodified>Wed, 02 Nov 2016 13:32:27 GMT</datelastmodified>
			<userlastmodified>Admin</userlastmodified>
			<datecreated>Wed, 02 Nov 2016 08:29:00 GMT</datecreated>
			<usercreated>Admin</usercreated>
			<flags>0</flags>
			<properties>
				<property>
					<name>Description</name>
					<value><![CDATA[Reuse groups for headers and footers]]></value>
				</property>
				<property>
					<name>Title</name>
					<value><![CDATA[Headers & Footers]]></value>
				</property>
			</properties>
			<relations/>
			<accesscontrol/>
		</file>
		<file>
			<destination>.content/.templates</destination>
			<type>folder</type>
			<uuidstructure>34e8db94-a0d6-11e6-a517-c3d2e24f648c</uuidstructure>
			<datelastmodified>Wed, 02 Nov 2016 13:46:06 GMT</datelastmodified>
			<userlastmodified>Admin</userlastmodified>
			<datecreated>Wed, 02 Nov 2016 08:27:35 GMT</datecreated>
			<usercreated>Admin</usercreated>
			<flags>0</flags>
			<properties>
				<property>
					<name>search.exclude</name>
					<value><![CDATA[true]]></value>
				</property>
			</properties>
			<relations/>
			<accesscontrol/>
		</file>
		<file>
			<source>.content/.templates/template_0001.html</source>
			<destination>.content/.templates/template_0001.html</destination>
			<type>containerpage</type>
			<uuidstructure>34ee0bb6-a0d6-11e6-a517-c3d2e24f648c</uuidstructure>
			<uuidresource>34ee0bb7-a0d6-11e6-a517-c3d2e24f648c</uuidresource>
			<datelastmodified>Wed, 02 Nov 2016 14:07:02 GMT</datelastmodified>
			<userlastmodified>Admin</userlastmodified>
			<datecreated>Wed, 02 Nov 2016 08:27:35 GMT</datecreated>
			<usercreated>Admin</usercreated>
			<flags>0</flags>
			<properties>
				<property>
					<name>Description</name>
					<value><![CDATA[Header, Footer & empty row as body.]]></value>
				</property>
				<property type="shared">
					<name>Description</name>
					<value><![CDATA[Empty container page model for site "Unilingual"]]></value>
				</property>
				<property>
					<name>Title</name>
					<value><![CDATA[Default Model]]></value>
				</property>
				<property type="shared">
					<name>Title</name>
					<value><![CDATA[Default Model for site "Unilingual"]]></value>
				</property>
			</properties>
			<relations/>
			<accesscontrol/>
		</file>
		<file>
			<source>.content/.templates/templatemodel_0001.html</source>
			<destination>.content/.templates/templatemodel_0001.html</destination>
			<type>containerpage</type>
			<uuidstructure>c964ab9e-a0ed-11e6-b3cf-c3d2e24f648c</uuidstructure>
			<uuidresource>c964ab9f-a0ed-11e6-b3cf-c3d2e24f648c</uuidresource>
			<datelastmodified>Wed, 02 Nov 2016 14:08:19 GMT</datelastmodified>
			<userlastmodified>Admin</userlastmodified>
			<datecreated>Wed, 02 Nov 2016 11:16:22 GMT</datecreated>
			<usercreated>Admin</usercreated>
			<flags>0</flags>
			<properties>
				<property type="shared">
					<name>Description</name>
					<value><![CDATA[Navigation for the current level on the left hand side.]]></value>
				</property>
				<property>
					<name>Title</name>
					<value><![CDATA[Left sidebar with navigation]]></value>
				</property>
				<property type="shared">
					<name>Title</name>
					<value><![CDATA[Default Model for site "Unilingual"]]></value>
				</property>
			</properties>
			<relations/>
			<accesscontrol/>
		</file>
		<file>
			<destination>.content/contacts</destination>
			<type>folder</type>
			<uuidstructure>648aed40-a1a9-11e6-83a2-c3d2e24f648c</uuidstructure>
			<datelastmodified>Thu, 03 Nov 2016 09:39:18 GMT</datelastmodified>
			<userlastmodified>Admin</userlastmodified>
			<datecreated>Thu, 03 Nov 2016 09:39:18 GMT</datecreated>
			<usercreated>Admin</usercreated>
			<flags>0</flags>
			<properties/>
			<relations/>
			<accesscontrol/>
		</file>
		<file>
			<source>.content/contacts/ci_00001.xml</source>
			<destination>.content/contacts/ci_00001.xml</destination>
			<type>a-contact</type>
			<uuidstructure>6490b9a2-a1a9-11e6-83a2-c3d2e24f648c</uuidstructure>
			<uuidresource>6490b9a3-a1a9-11e6-83a2-c3d2e24f648c</uuidresource>
			<datelastmodified>Thu, 03 Nov 2016 09:44:42 GMT</datelastmodified>
			<userlastmodified>Admin</userlastmodified>
			<datecreated>Thu, 03 Nov 2016 09:39:19 GMT</datecreated>
			<usercreated>Admin</usercreated>
			<flags>0</flags>
			<properties>
				<property>
					<name>Title</name>
					<value><![CDATA[ Pete   Pencil   [CEO]]]></value>
				</property>
			</properties>
			<relations/>
			<accesscontrol/>
		</file>
		<file>
			<source>.content/contacts/ci_00002.xml</source>
			<destination>.content/contacts/ci_00002.xml</destination>
			<type>a-contact</type>
			<uuidstructure>c150ed46-a1a9-11e6-83a2-c3d2e24f648c</uuidstructure>
			<uuidresource>c150ed47-a1a9-11e6-83a2-c3d2e24f648c</uuidresource>
			<datelastmodified>Thu, 03 Nov 2016 09:44:11 GMT</datelastmodified>
			<userlastmodified>Admin</userlastmodified>
			<datecreated>Thu, 03 Nov 2016 09:41:54 GMT</datecreated>
			<usercreated>Admin</usercreated>
			<flags>0</flags>
			<properties>
				<property>
					<name>Title</name>
					<value><![CDATA[ Bob   Bold   [Engineer]]]></value>
				</property>
			</properties>
			<relations/>
			<accesscontrol/>
		</file>
		<file>
			<destination>.content/contentsections</destination>
			<type>folder</type>
			<uuidstructure>d27287ad-a0fd-11e6-b3cf-c3d2e24f648c</uuidstructure>
			<datelastmodified>Wed, 02 Nov 2016 13:11:09 GMT</datelastmodified>
			<userlastmodified>Admin</userlastmodified>
			<datecreated>Wed, 02 Nov 2016 13:11:09 GMT</datecreated>
			<usercreated>Admin</usercreated>
			<flags>0</flags>
			<properties/>
			<relations/>
			<accesscontrol/>
		</file>
		<file>
			<source>.content/contentsections/cs_00001.xml</source>
			<destination>.content/contentsections/cs_00001.xml</destination>
			<type>a-section</type>
			<uuidstructure>d277429f-a0fd-11e6-b3cf-c3d2e24f648c</uuidstructure>
			<uuidresource>d27742a0-a0fd-11e6-b3cf-c3d2e24f648c</uuidresource>
			<datelastmodified>Wed, 02 Nov 2016 13:40:23 GMT</datelastmodified>
			<userlastmodified>Admin</userlastmodified>
			<datecreated>Wed, 02 Nov 2016 13:11:09 GMT</datecreated>
			<usercreated>Admin</usercreated>
			<flags>0</flags>
			<properties>
				<property>
					<name>Title</name>
					<value><![CDATA[Home: Philosophy]]></value>
				</property>
			</properties>
			<relations/>
			<accesscontrol/>
		</file>
		<file>
			<source>.content/contentsections/cs_00002.xml</source>
			<destination>.content/contentsections/cs_00002.xml</destination>
			<type>a-section</type>
			<uuidstructure>6b6eb275-a0ff-11e6-b3cf-c3d2e24f648c</uuidstructure>
			<uuidresource>6b6eb276-a0ff-11e6-b3cf-c3d2e24f648c</uuidresource>
			<datelastmodified>Wed, 02 Nov 2016 13:40:44 GMT</datelastmodified>
			<userlastmodified>Admin</userlastmodified>
			<datecreated>Wed, 02 Nov 2016 13:22:36 GMT</datecreated>
			<usercreated>Admin</usercreated>
			<flags>0</flags>
			<properties>
				<property>
					<name>Title</name>
					<value><![CDATA[Home: Rubbers]]></value>
				</property>
			</properties>
			<relations/>
			<accesscontrol/>
		</file>
		<file>
			<source>.content/contentsections/cs_00003.xml</source>
			<destination>.content/contentsections/cs_00003.xml</destination>
			<type>a-section</type>
			<uuidstructure>e454c03e-a100-11e6-b3cf-c3d2e24f648c</uuidstructure>
			<uuidresource>e454c03f-a100-11e6-b3cf-c3d2e24f648c</uuidresource>
			<datelastmodified>Wed, 02 Nov 2016 13:41:01 GMT</datelastmodified>
			<userlastmodified>Admin</userlastmodified>
			<datecreated>Wed, 02 Nov 2016 13:33:08 GMT</datecreated>
			<usercreated>Admin</usercreated>
			<flags>0</flags>
			<properties>
				<property>
					<name>Title</name>
					<value><![CDATA[Home: Pencils]]></value>
				</property>
			</properties>
			<relations/>
			<accesscontrol/>
		</file>
		<file>
			<source>.content/contentsections/cs_00004.xml</source>
			<destination>.content/contentsections/cs_00004.xml</destination>
			<type>a-section</type>
			<uuidstructure>f9db7671-a100-11e6-b3cf-c3d2e24f648c</uuidstructure>
			<uuidresource>f9db7672-a100-11e6-b3cf-c3d2e24f648c</uuidresource>
			<datelastmodified>Wed, 02 Nov 2016 13:41:18 GMT</datelastmodified>
			<userlastmodified>Admin</userlastmodified>
			<datecreated>Wed, 02 Nov 2016 13:33:44 GMT</datecreated>
			<usercreated>Admin</usercreated>
			<flags>0</flags>
			<properties>
				<property>
					<name>Title</name>
					<value><![CDATA[Home: Team]]></value>
				</property>
			</properties>
			<relations/>
			<accesscontrol/>
		</file>
		<file>
			<source>.content/contentsections/cs_00005.xml</source>
			<destination>.content/contentsections/cs_00005.xml</destination>
			<type>a-section</type>
			<uuidstructure>2492f577-a1a7-11e6-83a2-c3d2e24f648c</uuidstructure>
			<uuidresource>2492f578-a1a7-11e6-83a2-c3d2e24f648c</uuidresource>
			<datelastmodified>Thu, 03 Nov 2016 09:25:26 GMT</datelastmodified>
			<userlastmodified>Admin</userlastmodified>
			<datecreated>Thu, 03 Nov 2016 09:23:12 GMT</datecreated>
			<usercreated>Admin</usercreated>
			<flags>0</flags>
			<properties>
				<property>
					<name>Title</name>
					<value><![CDATA[Philosophy: Get the best quality]]></value>
				</property>
			</properties>
			<relations/>
			<accesscontrol/>
		</file>
		<file>
			<source>.content/contentsections/cs_00006.xml</source>
			<destination>.content/contentsections/cs_00006.xml</destination>
			<type>a-section</type>
			<uuidstructure>c1b89a8a-a1a7-11e6-83a2-c3d2e24f648c</uuidstructure>
			<uuidresource>c1b89a8b-a1a7-11e6-83a2-c3d2e24f648c</uuidresource>
			<datelastmodified>Thu, 03 Nov 2016 09:29:35 GMT</datelastmodified>
			<userlastmodified>Admin</userlastmodified>
			<datecreated>Thu, 03 Nov 2016 09:27:36 GMT</datecreated>
			<usercreated>Admin</usercreated>
			<flags>0</flags>
			<properties>
				<property>
					<name>Title</name>
					<value><![CDATA[Philosophy: Be transparent]]></value>
				</property>
			</properties>
			<relations/>
			<accesscontrol/>
		</file>
		<file>
			<source>.content/contentsections/cs_00007.xml</source>
			<destination>.content/contentsections/cs_00007.xml</destination>
			<type>a-section</type>
			<uuidstructure>44771011-a1a8-11e6-83a2-c3d2e24f648c</uuidstructure>
			<uuidresource>44771012-a1a8-11e6-83a2-c3d2e24f648c</uuidresource>
			<datelastmodified>Thu, 03 Nov 2016 09:33:31 GMT</datelastmodified>
			<userlastmodified>Admin</userlastmodified>
			<datecreated>Thu, 03 Nov 2016 09:31:15 GMT</datecreated>
			<usercreated>Admin</usercreated>
			<flags>0</flags>
			<properties>
				<property>
					<name>Title</name>
					<value><![CDATA[Rubbers: The perfect solution when to correct your notes]]></value>
				</property>
			</properties>
			<relations/>
			<accesscontrol/>
		</file>
		<file>
			<source>.content/contentsections/cs_00008.xml</source>
			<destination>.content/contentsections/cs_00008.xml</destination>
			<type>a-section</type>
			<uuidstructure>b36b7387-a1a8-11e6-83a2-c3d2e24f648c</uuidstructure>
			<uuidresource>b36b7388-a1a8-11e6-83a2-c3d2e24f648c</uuidresource>
			<datelastmodified>Thu, 03 Nov 2016 09:37:30 GMT</datelastmodified>
			<userlastmodified>Admin</userlastmodified>
			<datecreated>Thu, 03 Nov 2016 09:34:21 GMT</datecreated>
			<usercreated>Admin</usercreated>
			<flags>0</flags>
			<properties>
				<property>
					<name>Title</name>
					<value><![CDATA[Pencils: More than just a pencil]]></value>
				</property>
			</properties>
			<relations/>
			<accesscontrol/>
		</file>
		<file>
			<destination>.content/flexiblecontents</destination>
			<type>folder</type>
			<uuidstructure>53cf56a7-a0e9-11e6-8bf6-c3d2e24f648c</uuidstructure>
			<datelastmodified>Wed, 02 Nov 2016 10:44:27 GMT</datelastmodified>
			<userlastmodified>Admin</userlastmodified>
			<datecreated>Wed, 02 Nov 2016 10:44:27 GMT</datecreated>
			<usercreated>Admin</usercreated>
			<flags>0</flags>
			<properties/>
			<relations/>
			<accesscontrol/>
		</file>
		<file>
			<source>.content/flexiblecontents/fc_00001.xml</source>
			<destination>.content/flexiblecontents/fc_00001.xml</destination>
			<type>a-flexible</type>
			<uuidstructure>53d71ed9-a0e9-11e6-8bf6-c3d2e24f648c</uuidstructure>
			<uuidresource>53d71eda-a0e9-11e6-8bf6-c3d2e24f648c</uuidresource>
			<datelastmodified>Thu, 03 Nov 2016 10:23:17 GMT</datelastmodified>
			<userlastmodified>Admin</userlastmodified>
			<datecreated>Wed, 02 Nov 2016 10:44:27 GMT</datecreated>
			<usercreated>Admin</usercreated>
			<flags>0</flags>
			<properties>
				<property>
					<name>Title</name>
					<value><![CDATA[Default Footer]]></value>
				</property>
			</properties>
			<relations/>
			<accesscontrol/>
		</file>
		<file>
			<destination>.content/jsp-search</destination>
			<type>folder</type>
			<uuidstructure>4b13485d-a102-11e6-b3cf-c3d2e24f648c</uuidstructure>
			<datelastmodified>Wed, 02 Nov 2016 13:43:10 GMT</datelastmodified>
			<userlastmodified>Admin</userlastmodified>
			<datecreated>Wed, 02 Nov 2016 13:43:10 GMT</datecreated>
			<usercreated>Admin</usercreated>
			<flags>0</flags>
			<properties/>
			<relations/>
			<accesscontrol/>
		</file>
		<file>
			<source>.content/jsp-search/jsp-search-00001.xml</source>
			<destination>.content/jsp-search/jsp-search-00001.xml</destination>
			<type>jsp-search</type>
			<uuidstructure>4b17dc3f-a102-11e6-b3cf-c3d2e24f648c</uuidstructure>
			<uuidresource>4b17dc40-a102-11e6-b3cf-c3d2e24f648c</uuidresource>
			<datelastmodified>Thu, 03 Nov 2016 09:51:11 GMT</datelastmodified>
			<userlastmodified>Admin</userlastmodified>
			<datecreated>Wed, 02 Nov 2016 13:43:10 GMT</datecreated>
			<usercreated>Admin</usercreated>
			<flags>0</flags>
			<properties>
				<property>
					<name>Title</name>
					<value><![CDATA[Demo Search Configuration]]></value>
				</property>
			</properties>
			<relations/>
			<accesscontrol/>
		</file>
		<file>
			<destination>.content/linksequences</destination>
			<type>folder</type>
			<uuidstructure>c1676426-a0d7-11e6-a517-c3d2e24f648c</uuidstructure>
			<datelastmodified>Wed, 02 Nov 2016 08:38:40 GMT</datelastmodified>
			<userlastmodified>Admin</userlastmodified>
			<datecreated>Wed, 02 Nov 2016 08:38:40 GMT</datecreated>
			<usercreated>Admin</usercreated>
			<flags>0</flags>
			<properties/>
			<relations/>
			<accesscontrol/>
		</file>
		<file>
			<source>.content/linksequences/ls_00001.xml</source>
			<destination>.content/linksequences/ls_00001.xml</destination>
			<type>a-linksequence</type>
			<uuidstructure>c16c6d38-a0d7-11e6-a517-c3d2e24f648c</uuidstructure>
			<uuidresource>c16c6d39-a0d7-11e6-a517-c3d2e24f648c</uuidresource>
			<datelastmodified>Wed, 02 Nov 2016 13:31:55 GMT</datelastmodified>
			<userlastmodified>Admin</userlastmodified>
			<datecreated>Wed, 02 Nov 2016 08:38:40 GMT</datecreated>
			<usercreated>Admin</usercreated>
			<flags>0</flags>
			<properties>
				<property>
					<name>Title</name>
					<value><![CDATA[Top Links]]></value>
				</property>
			</properties>
			<relations/>
			<accesscontrol/>
		</file>
		<file>
			<destination>.content/modelgroup</destination>
			<type>folder</type>
			<uuidstructure>b8c82a7c-a0d6-11e6-a517-c3d2e24f648c</uuidstructure>
			<datelastmodified>Wed, 02 Nov 2016 08:31:16 GMT</datelastmodified>
			<userlastmodified>Admin</userlastmodified>
			<datecreated>Wed, 02 Nov 2016 08:31:16 GMT</datecreated>
			<usercreated>Admin</usercreated>
			<flags>0</flags>
			<properties/>
			<relations/>
			<accesscontrol/>
		</file>
		<file>
			<source>.content/modelgroup/modelgroup-00001.xml</source>
			<destination>.content/modelgroup/modelgroup-00001.xml</destination>
			<type>modelgroup</type>
			<uuidstructure>b8cdcfce-a0d6-11e6-a517-c3d2e24f648c</uuidstructure>
			<uuidresource>b8cdcfcf-a0d6-11e6-a517-c3d2e24f648c</uuidresource>
			<datelastmodified>Wed, 02 Nov 2016 13:32:27 GMT</datelastmodified>
			<userlastmodified>Admin</userlastmodified>
			<datecreated>Wed, 02 Nov 2016 08:31:16 GMT</datecreated>
			<usercreated>Admin</usercreated>
			<flags>0</flags>
			<properties>
				<property>
					<name>Description</name>
					<value><![CDATA[Default header with top links and navigation]]></value>
				</property>
				<property type="shared">
					<name>Description</name>
					<value><![CDATA[Default header with top links and navigation]]></value>
				</property>
				<property>
					<name>Title</name>
					<value><![CDATA[Header]]></value>
				</property>
				<property type="shared">
					<name>Title</name>
					<value><![CDATA[Header]]></value>
				</property>
				<property>
					<name>search.exclude</name>
					<value><![CDATA[true]]></value>
				</property>
			</properties>
			<relations/>
			<accesscontrol/>
		</file>
		<file>
			<source>.content/modelgroup/modelgroup-00002.xml</source>
			<destination>.content/modelgroup/modelgroup-00002.xml</destination>
			<type>modelgroup</type>
			<uuidstructure>949a02e5-a0d8-11e6-a517-c3d2e24f648c</uuidstructure>
			<uuidresource>949a02e6-a0d8-11e6-a517-c3d2e24f648c</uuidresource>
			<datelastmodified>Wed, 02 Nov 2016 13:32:27 GMT</datelastmodified>
			<userlastmodified>Admin</userlastmodified>
			<datecreated>Wed, 02 Nov 2016 08:44:34 GMT</datecreated>
			<usercreated>Admin</usercreated>
			<flags>0</flags>
			<properties>
				<property>
					<name>Description</name>
					<value><![CDATA[Footer on all pages]]></value>
				</property>
				<property type="shared">
					<name>Description</name>
					<value><![CDATA[Footer on all pages]]></value>
				</property>
				<property>
					<name>Title</name>
					<value><![CDATA[Default Footer]]></value>
				</property>
				<property type="shared">
					<name>Title</name>
					<value><![CDATA[Default Footer]]></value>
				</property>
				<property>
					<name>search.exclude</name>
					<value><![CDATA[true]]></value>
				</property>
			</properties>
			<relations/>
			<accesscontrol/>
		</file>
		<file>
			<destination>.content/navigations</destination>
			<type>folder</type>
			<uuidstructure>eff8c72c-a0d7-11e6-a517-c3d2e24f648c</uuidstructure>
			<datelastmodified>Wed, 02 Nov 2016 08:39:58 GMT</datelastmodified>
			<userlastmodified>Admin</userlastmodified>
			<datecreated>Wed, 02 Nov 2016 08:39:58 GMT</datecreated>
			<usercreated>Admin</usercreated>
			<flags>0</flags>
			<properties/>
			<relations/>
			<accesscontrol/>
		</file>
		<file>
			<source>.content/navigations/nv_00001.xml</source>
			<destination>.content/navigations/nv_00001.xml</destination>
			<type>a-navigation</type>
			<uuidstructure>effd821e-a0d7-11e6-a517-c3d2e24f648c</uuidstructure>
			<uuidresource>effd821f-a0d7-11e6-a517-c3d2e24f648c</uuidresource>
			<datelastmodified>Thu, 03 Nov 2016 11:07:36 GMT</datelastmodified>
			<userlastmodified>Admin</userlastmodified>
			<datecreated>Wed, 02 Nov 2016 08:39:58 GMT</datecreated>
			<usercreated>Admin</usercreated>
			<flags>0</flags>
			<properties>
				<property>
					<name>Title</name>
					<value><![CDATA[Main navigation]]></value>
				</property>
			</properties>
			<relations/>
			<accesscontrol/>
		</file>
		<file>
			<source>.content/navigations/nv_00002.xml</source>
			<destination>.content/navigations/nv_00002.xml</destination>
			<type>a-navigation</type>
			<uuidstructure>14b9d675-a0ef-11e6-b3cf-c3d2e24f648c</uuidstructure>
			<uuidresource>14b9d676-a0ef-11e6-b3cf-c3d2e24f648c</uuidresource>
			<datelastmodified>Wed, 02 Nov 2016 11:26:04 GMT</datelastmodified>
			<userlastmodified>Admin</userlastmodified>
			<datecreated>Wed, 02 Nov 2016 11:25:38 GMT</datecreated>
			<usercreated>Admin</usercreated>
			<flags>0</flags>
			<properties>
				<property>
					<name>Title</name>
					<value><![CDATA[First level side navigation]]></value>
				</property>
			</properties>
			<relations/>
			<accesscontrol/>
		</file>
		<file>
			<destination>.content/sliders</destination>
			<type>folder</type>
			<uuidstructure>c609524d-a0f5-11e6-b3cf-c3d2e24f648c</uuidstructure>
			<datelastmodified>Wed, 02 Nov 2016 12:13:33 GMT</datelastmodified>
			<userlastmodified>Admin</userlastmodified>
			<datecreated>Wed, 02 Nov 2016 12:13:33 GMT</datecreated>
			<usercreated>Admin</usercreated>
			<flags>0</flags>
			<properties/>
			<relations/>
			<accesscontrol/>
		</file>
		<file>
			<source>.content/sliders/slx_00001.xml</source>
			<destination>.content/sliders/slx_00001.xml</destination>
			<type>a-sliderextended</type>
			<uuidstructure>c60e344f-a0f5-11e6-b3cf-c3d2e24f648c</uuidstructure>
			<uuidresource>c60e3450-a0f5-11e6-b3cf-c3d2e24f648c</uuidresource>
			<datelastmodified>Wed, 02 Nov 2016 13:03:41 GMT</datelastmodified>
			<userlastmodified>Admin</userlastmodified>
			<datecreated>Wed, 02 Nov 2016 12:13:33 GMT</datecreated>
			<usercreated>Admin</usercreated>
			<flags>0</flags>
			<properties>
				<property>
					<name>Title</name>
					<value><![CDATA[Home: Promo Slider]]></value>
				</property>
			</properties>
			<relations/>
			<accesscontrol/>
		</file>
		<file>
			<destination>.content/templaterows</destination>
			<type>folder</type>
			<uuidstructure>734dc227-a0d6-11e6-a517-c3d2e24f648c</uuidstructure>
			<datelastmodified>Wed, 02 Nov 2016 08:29:19 GMT</datelastmodified>
			<userlastmodified>Admin</userlastmodified>
			<datecreated>Wed, 02 Nov 2016 08:29:19 GMT</datecreated>
			<usercreated>Admin</usercreated>
			<flags>0</flags>
			<properties/>
			<relations/>
			<accesscontrol/>
		</file>
		<file>
			<source>.content/templaterows/tr_00001.xml</source>
			<destination>.content/templaterows/tr_00001.xml</destination>
			<type>a-templaterow</type>
			<uuidstructure>73549ff9-a0d6-11e6-a517-c3d2e24f648c</uuidstructure>
			<uuidresource>73549ffa-a0d6-11e6-a517-c3d2e24f648c</uuidresource>
			<datelastmodified>Wed, 02 Nov 2016 08:30:46 GMT</datelastmodified>
			<userlastmodified>Admin</userlastmodified>
			<datecreated>Wed, 02 Nov 2016 08:29:19 GMT</datecreated>
			<usercreated>Admin</usercreated>
			<flags>0</flags>
			<properties>
				<property>
					<name>Title</name>
					<value><![CDATA[Head - Area]]></value>
				</property>
			</properties>
			<relations/>
			<accesscontrol/>
		</file>
		<file>
			<source>.content/templaterows/tr_00002.xml</source>
			<destination>.content/templaterows/tr_00002.xml</destination>
			<type>a-templaterow</type>
			<uuidstructure>5106d122-a0d8-11e6-a517-c3d2e24f648c</uuidstructure>
			<uuidresource>5106d123-a0d8-11e6-a517-c3d2e24f648c</uuidresource>
			<datelastmodified>Wed, 02 Nov 2016 08:43:26 GMT</datelastmodified>
			<userlastmodified>Admin</userlastmodified>
			<datecreated>Wed, 02 Nov 2016 08:42:41 GMT</datecreated>
			<usercreated>Admin</usercreated>
			<flags>0</flags>
			<properties>
				<property>
					<name>Title</name>
					<value><![CDATA[Area - Foot]]></value>
				</property>
			</properties>
			<relations/>
			<accesscontrol/>
		</file>
		<file>
			<source>.content/templaterows/tr_00003.xml</source>
			<destination>.content/templaterows/tr_00003.xml</destination>
			<type>a-templaterow</type>
			<uuidstructure>f3f5b8ab-a0e9-11e6-8bf6-c3d2e24f648c</uuidstructure>
			<uuidresource>f3f5b8ac-a0e9-11e6-8bf6-c3d2e24f648c</uuidresource>
			<datelastmodified>Wed, 02 Nov 2016 10:49:27 GMT</datelastmodified>
			<userlastmodified>Admin</userlastmodified>
			<datecreated>Wed, 02 Nov 2016 10:48:56 GMT</datecreated>
			<usercreated>Admin</usercreated>
			<flags>0</flags>
			<properties>
				<property>
					<name>Title</name>
					<value><![CDATA[Area - Page body]]></value>
				</property>
			</properties>
			<relations/>
			<accesscontrol/>
		</file>
		<file>
			<source>.content/templaterows/tr_00004.xml</source>
			<destination>.content/templaterows/tr_00004.xml</destination>
			<type>a-templaterow</type>
			<uuidstructure>0d3d476f-a0ea-11e6-8bf6-c3d2e24f648c</uuidstructure>
			<uuidresource>0d3d4770-a0ea-11e6-8bf6-c3d2e24f648c</uuidresource>
			<datelastmodified>Wed, 02 Nov 2016 10:50:44 GMT</datelastmodified>
			<userlastmodified>Admin</userlastmodified>
			<datecreated>Wed, 02 Nov 2016 10:49:38 GMT</datecreated>
			<usercreated>Admin</usercreated>
			<flags>0</flags>
			<properties>
				<property>
					<name>Title</name>
					<value><![CDATA[Segment [For Rows]]]></value>
				</property>
			</properties>
			<relations/>
			<accesscontrol/>
		</file>
		<file>
			<source>.content/templaterows/tr_00005.xml</source>
			<destination>.content/templaterows/tr_00005.xml</destination>
			<type>a-templaterow</type>
			<uuidstructure>f4578b28-a0ed-11e6-b3cf-c3d2e24f648c</uuidstructure>
			<uuidresource>f4578b29-a0ed-11e6-b3cf-c3d2e24f648c</uuidresource>
			<datelastmodified>Wed, 02 Nov 2016 11:19:15 GMT</datelastmodified>
			<userlastmodified>Admin</userlastmodified>
			<datecreated>Wed, 02 Nov 2016 11:17:34 GMT</datecreated>
			<usercreated>Admin</usercreated>
			<flags>0</flags>
			<properties>
				<property>
					<name>Title</name>
					<value><![CDATA[Grid 2 Cols (3 - 9)]]></value>
				</property>
			</properties>
			<relations/>
			<accesscontrol/>
		</file>
		<file>
			<source>.content/templaterows/tr_00006.xml</source>
			<destination>.content/templaterows/tr_00006.xml</destination>
			<type>a-templaterow</type>
			<uuidstructure>5dfe829c-a0ee-11e6-b3cf-c3d2e24f648c</uuidstructure>
			<uuidresource>5dfe829d-a0ee-11e6-b3cf-c3d2e24f648c</uuidresource>
			<datelastmodified>Wed, 02 Nov 2016 11:21:16 GMT</datelastmodified>
			<userlastmodified>Admin</userlastmodified>
			<datecreated>Wed, 02 Nov 2016 11:20:32 GMT</datecreated>
			<usercreated>Admin</usercreated>
			<flags>0</flags>
			<properties>
				<property>
					<name>Title</name>
					<value><![CDATA[Segment [For Grids]]]></value>
				</property>
			</properties>
			<relations/>
			<accesscontrol/>
		</file>
		<file>
			<source>.content/templaterows/tr_00007.xml</source>
			<destination>.content/templaterows/tr_00007.xml</destination>
			<type>a-templaterow</type>
			<uuidstructure>c54b0f51-a0ee-11e6-b3cf-c3d2e24f648c</uuidstructure>
			<uuidresource>c54b0f52-a0ee-11e6-b3cf-c3d2e24f648c</uuidresource>
			<datelastmodified>Wed, 02 Nov 2016 11:24:20 GMT</datelastmodified>
			<userlastmodified>Admin</userlastmodified>
			<datecreated>Wed, 02 Nov 2016 11:23:25 GMT</datecreated>
			<usercreated>Admin</usercreated>
			<flags>0</flags>
			<properties>
				<property>
					<name>Title</name>
					<value><![CDATA[Row 1 Col (12 - Full)]]></value>
				</property>
			</properties>
			<relations/>
			<accesscontrol/>
		</file>
		<file>
			<source>.content/templaterows/tr_00009.xml</source>
			<destination>.content/templaterows/tr_00009.xml</destination>
			<type>a-templaterow</type>
			<uuidstructure>68e2b119-a0f4-11e6-b3cf-c3d2e24f648c</uuidstructure>
			<uuidresource>68e2b11a-a0f4-11e6-b3cf-c3d2e24f648c</uuidresource>
			<datelastmodified>Wed, 02 Nov 2016 12:03:47 GMT</datelastmodified>
			<userlastmodified>Admin</userlastmodified>
			<datecreated>Wed, 02 Nov 2016 12:03:47 GMT</datecreated>
			<usercreated>Admin</usercreated>
			<flags>0</flags>
			<properties>
				<property>
					<name>Title</name>
					<value><![CDATA[Segment [For Rows]]]></value>
				</property>
			</properties>
			<relations/>
			<accesscontrol/>
		</file>
		<file>
			<source>.content/templaterows/tr_00010.xml</source>
			<destination>.content/templaterows/tr_00010.xml</destination>
			<type>a-templaterow</type>
			<uuidstructure>a7f0f704-a0f4-11e6-b3cf-c3d2e24f648c</uuidstructure>
			<uuidresource>a7f0f705-a0f4-11e6-b3cf-c3d2e24f648c</uuidresource>
			<datelastmodified>Wed, 02 Nov 2016 12:06:21 GMT</datelastmodified>
			<userlastmodified>Admin</userlastmodified>
			<datecreated>Wed, 02 Nov 2016 12:05:33 GMT</datecreated>
			<usercreated>Admin</usercreated>
			<flags>0</flags>
			<properties>
				<property>
					<name>Title</name>
					<value><![CDATA[Segment (Fluid) [For Rows]]]></value>
				</property>
			</properties>
			<relations/>
			<accesscontrol/>
		</file>
		<file>
			<source>.content/templaterows/tr_00011.xml</source>
			<destination>.content/templaterows/tr_00011.xml</destination>
			<type>a-templaterow</type>
			<uuidstructure>fecb0719-a0fc-11e6-b3cf-c3d2e24f648c</uuidstructure>
			<uuidresource>fecb071a-a0fc-11e6-b3cf-c3d2e24f648c</uuidresource>
			<datelastmodified>Wed, 02 Nov 2016 13:07:04 GMT</datelastmodified>
			<userlastmodified>Admin</userlastmodified>
			<datecreated>Wed, 02 Nov 2016 13:05:14 GMT</datecreated>
			<usercreated>Admin</usercreated>
			<flags>0</flags>
			<properties>
				<property>
					<name>Title</name>
					<value><![CDATA[Row 4 Cols (3 - 3 - 3 - 3)]]></value>
				</property>
			</properties>
			<relations/>
			<accesscontrol/>
		</file>
		<file>
			<destination>.formatters</destination>
			<type>folder</type>
			<uuidstructure>eb1c0f3d-a102-11e6-b3cf-c3d2e24f648c</uuidstructure>
			<datelastmodified>Wed, 02 Nov 2016 13:47:38 GMT</datelastmodified>
			<userlastmodified>Admin</userlastmodified>
			<datecreated>Wed, 02 Nov 2016 13:47:38 GMT</datecreated>
			<usercreated>Admin</usercreated>
			<flags>0</flags>
			<properties>
				<property>
					<name>Title</name>
					<value><![CDATA[Site formatters]]></value>
				</property>
			</properties>
			<relations/>
			<accesscontrol>
				<accessentry>
					<uuidprincipal>ROLE.DEVELOPER</uuidprincipal>
					<flags>514</flags>
					<permissionset>
						<allowed>7</allowed>
						<denied>0</denied>
					</permissionset>
				</accessentry>
				<accessentry>
					<uuidprincipal>GROUP.Users</uuidprincipal>
					<flags>38</flags>
					<permissionset>
						<allowed>5</allowed>
						<denied>0</denied>
					</permissionset>
				</accessentry>
			</accesscontrol>
		</file>
		<file>
			<source>.formatters/section-head-image-text.xml</source>
			<destination>.formatters/section-head-image-text.xml</destination>
			<type>macro_formatter</type>
			<uuidstructure>eb21dba0-a102-11e6-b3cf-c3d2e24f648c</uuidstructure>
			<uuidresource>eb21dba1-a102-11e6-b3cf-c3d2e24f648c</uuidresource>
			<datelastmodified>Wed, 02 Nov 2016 08:17:31 GMT</datelastmodified>
			<userlastmodified>Admin</userlastmodified>
			<datecreated>Wed, 02 Nov 2016 13:47:38 GMT</datecreated>
			<usercreated>Admin</usercreated>
			<flags>0</flags>
			<properties>
				<property>
					<name>Title</name>
					<value><![CDATA[Headline, image and text]]></value>
				</property>
				<property>
					<name>cache</name>
					<value><![CDATA[container-element;locale;uri]]></value>
				</property>
				<property>
					<name>locale</name>
					<value><![CDATA[en]]></value>
				</property>
				<property>
					<name>locale-available</name>
					<value><![CDATA[en]]></value>
				</property>
				<property>
					<name>search.exclude</name>
					<value><![CDATA[all]]></value>
				</property>
			</properties>
			<relations/>
			<accesscontrol/>
		</file>
		<file>
			<source>.formatters/section-head-left-big-image-right.xml</source>
			<destination>.formatters/section-head-left-big-image-right.xml</destination>
			<type>macro_formatter</type>
			<uuidstructure>eb2b5187-a102-11e6-b3cf-c3d2e24f648c</uuidstructure>
			<uuidresource>eb2b5188-a102-11e6-b3cf-c3d2e24f648c</uuidresource>
			<datelastmodified>Wed, 02 Nov 2016 08:17:31 GMT</datelastmodified>
			<userlastmodified>Admin</userlastmodified>
			<datecreated>Wed, 02 Nov 2016 13:47:38 GMT</datecreated>
			<usercreated>Admin</usercreated>
			<flags>0</flags>
			<properties>
				<property>
					<name>Title</name>
					<value><![CDATA[Headline left, big image right]]></value>
				</property>
				<property>
					<name>cache</name>
					<value><![CDATA[container-element;locale;uri]]></value>
				</property>
				<property>
					<name>locale</name>
					<value><![CDATA[en]]></value>
				</property>
				<property>
					<name>locale-available</name>
					<value><![CDATA[en]]></value>
				</property>
				<property>
					<name>search.exclude</name>
					<value><![CDATA[all]]></value>
				</property>
			</properties>
			<relations/>
			<accesscontrol/>
		</file>
		<file>
			<source>.formatters/section-head-left-small-image-right.xml</source>
			<destination>.formatters/section-head-left-small-image-right.xml</destination>
			<type>macro_formatter</type>
			<uuidstructure>eb342b2e-a102-11e6-b3cf-c3d2e24f648c</uuidstructure>
			<uuidresource>eb342b2f-a102-11e6-b3cf-c3d2e24f648c</uuidresource>
			<datelastmodified>Wed, 02 Nov 2016 08:17:31 GMT</datelastmodified>
			<userlastmodified>Admin</userlastmodified>
			<datecreated>Wed, 02 Nov 2016 13:47:38 GMT</datecreated>
			<usercreated>Admin</usercreated>
			<flags>0</flags>
			<properties>
				<property>
					<name>Title</name>
					<value><![CDATA[Headline left, small image right]]></value>
				</property>
				<property>
					<name>cache</name>
					<value><![CDATA[container-element;locale;uri]]></value>
				</property>
				<property>
					<name>locale</name>
					<value><![CDATA[en]]></value>
				</property>
				<property>
					<name>locale-available</name>
					<value><![CDATA[en]]></value>
				</property>
				<property>
					<name>search.exclude</name>
					<value><![CDATA[all]]></value>
				</property>
			</properties>
			<relations/>
			<accesscontrol/>
		</file>
		<file>
			<source>.formatters/section-head-only.xml</source>
			<destination>.formatters/section-head-only.xml</destination>
			<type>macro_formatter</type>
			<uuidstructure>eb3d2be5-a102-11e6-b3cf-c3d2e24f648c</uuidstructure>
			<uuidresource>eb3d2be6-a102-11e6-b3cf-c3d2e24f648c</uuidresource>
			<datelastmodified>Wed, 02 Nov 2016 08:17:31 GMT</datelastmodified>
			<userlastmodified>Admin</userlastmodified>
			<datecreated>Wed, 02 Nov 2016 13:47:39 GMT</datecreated>
			<usercreated>Admin</usercreated>
			<flags>0</flags>
			<properties>
				<property>
					<name>Title</name>
					<value><![CDATA[Headline only]]></value>
				</property>
				<property>
					<name>cache</name>
					<value><![CDATA[container-element;locale;uri]]></value>
				</property>
				<property>
					<name>locale</name>
					<value><![CDATA[en]]></value>
				</property>
				<property>
					<name>locale-available</name>
					<value><![CDATA[en]]></value>
				</property>
				<property>
					<name>search.exclude</name>
					<value><![CDATA[all]]></value>
				</property>
			</properties>
			<relations/>
			<accesscontrol/>
		</file>
		<file>
			<source>.formatters/section-head-right-big-image-left.xml</source>
			<destination>.formatters/section-head-right-big-image-left.xml</destination>
			<type>macro_formatter</type>
			<uuidstructure>eb45694c-a102-11e6-b3cf-c3d2e24f648c</uuidstructure>
			<uuidresource>eb45694d-a102-11e6-b3cf-c3d2e24f648c</uuidresource>
			<datelastmodified>Wed, 02 Nov 2016 08:17:31 GMT</datelastmodified>
			<userlastmodified>Admin</userlastmodified>
			<datecreated>Wed, 02 Nov 2016 13:47:39 GMT</datecreated>
			<usercreated>Admin</usercreated>
			<flags>0</flags>
			<properties>
				<property>
					<name>Title</name>
					<value><![CDATA[Headline right, big image left]]></value>
				</property>
				<property>
					<name>cache</name>
					<value><![CDATA[container-element;locale;uri]]></value>
				</property>
				<property>
					<name>locale</name>
					<value><![CDATA[en]]></value>
				</property>
				<property>
					<name>locale-available</name>
					<value><![CDATA[en]]></value>
				</property>
				<property>
					<name>search.exclude</name>
					<value><![CDATA[all]]></value>
				</property>
			</properties>
			<relations/>
			<accesscontrol/>
		</file>
		<file>
			<source>.formatters/section-head-right-small-image-left.xml</source>
			<destination>.formatters/section-head-right-small-image-left.xml</destination>
			<type>macro_formatter</type>
			<uuidstructure>eb4edf33-a102-11e6-b3cf-c3d2e24f648c</uuidstructure>
			<uuidresource>eb4edf34-a102-11e6-b3cf-c3d2e24f648c</uuidresource>
			<datelastmodified>Wed, 02 Nov 2016 08:17:31 GMT</datelastmodified>
			<userlastmodified>Admin</userlastmodified>
			<datecreated>Wed, 02 Nov 2016 13:47:39 GMT</datecreated>
			<usercreated>Admin</usercreated>
			<flags>0</flags>
			<properties>
				<property>
					<name>Title</name>
					<value><![CDATA[Headline right, small image left]]></value>
				</property>
				<property>
					<name>cache</name>
					<value><![CDATA[container-element;locale;uri]]></value>
				</property>
				<property>
					<name>locale</name>
					<value><![CDATA[en]]></value>
				</property>
				<property>
					<name>locale-available</name>
					<value><![CDATA[en]]></value>
				</property>
				<property>
					<name>search.exclude</name>
					<value><![CDATA[all]]></value>
				</property>
			</properties>
			<relations/>
			<accesscontrol/>
		</file>
		<file>
			<source>.formatters/section-head-text-image.xml</source>
			<destination>.formatters/section-head-text-image.xml</destination>
			<type>macro_formatter</type>
			<uuidstructure>eb58ca4a-a102-11e6-b3cf-c3d2e24f648c</uuidstructure>
			<uuidresource>eb58ca4b-a102-11e6-b3cf-c3d2e24f648c</uuidresource>
			<datelastmodified>Wed, 02 Nov 2016 08:17:31 GMT</datelastmodified>
			<userlastmodified>Admin</userlastmodified>
			<datecreated>Wed, 02 Nov 2016 13:47:39 GMT</datecreated>
			<usercreated>Admin</usercreated>
			<flags>0</flags>
			<properties>
				<property>
					<name>Title</name>
					<value><![CDATA[Headline, text and image]]></value>
				</property>
				<property>
					<name>cache</name>
					<value><![CDATA[container-element;locale;uri]]></value>
				</property>
				<property>
					<name>locale</name>
					<value><![CDATA[en]]></value>
				</property>
				<property>
					<name>locale-available</name>
					<value><![CDATA[en]]></value>
				</property>
				<property>
					<name>search.exclude</name>
					<value><![CDATA[all]]></value>
				</property>
			</properties>
			<relations/>
			<accesscontrol/>
		</file>
		<file>
			<source>.formatters/section-head-text.xml</source>
			<destination>.formatters/section-head-text.xml</destination>
			<type>macro_formatter</type>
			<uuidstructure>eb621921-a102-11e6-b3cf-c3d2e24f648c</uuidstructure>
			<uuidresource>eb621922-a102-11e6-b3cf-c3d2e24f648c</uuidresource>
			<datelastmodified>Wed, 02 Nov 2016 08:17:31 GMT</datelastmodified>
			<userlastmodified>Admin</userlastmodified>
			<datecreated>Wed, 02 Nov 2016 13:47:39 GMT</datecreated>
			<usercreated>Admin</usercreated>
			<flags>0</flags>
			<properties>
				<property>
					<name>Title</name>
					<value><![CDATA[Headline and text only]]></value>
				</property>
				<property>
					<name>cache</name>
					<value><![CDATA[container-element;locale;uri]]></value>
				</property>
				<property>
					<name>locale</name>
					<value><![CDATA[en]]></value>
				</property>
				<property>
					<name>locale-available</name>
					<value><![CDATA[en]]></value>
				</property>
				<property>
					<name>search.exclude</name>
					<value><![CDATA[all]]></value>
				</property>
			</properties>
			<relations/>
			<accesscontrol/>
		</file>
		<file>
			<source>.formatters/section-head-top-big-image-left.xml</source>
			<destination>.formatters/section-head-top-big-image-left.xml</destination>
			<type>macro_formatter</type>
			<uuidstructure>eb6acbb8-a102-11e6-b3cf-c3d2e24f648c</uuidstructure>
			<uuidresource>eb6acbb9-a102-11e6-b3cf-c3d2e24f648c</uuidresource>
			<datelastmodified>Wed, 02 Nov 2016 08:17:31 GMT</datelastmodified>
			<userlastmodified>Admin</userlastmodified>
			<datecreated>Wed, 02 Nov 2016 13:47:39 GMT</datecreated>
			<usercreated>Admin</usercreated>
			<flags>0</flags>
			<properties>
				<property>
					<name>Title</name>
					<value><![CDATA[Headline on top, big image left]]></value>
				</property>
				<property>
					<name>cache</name>
					<value><![CDATA[container-element;locale;uri]]></value>
				</property>
				<property>
					<name>locale</name>
					<value><![CDATA[en]]></value>
				</property>
				<property>
					<name>locale-available</name>
					<value><![CDATA[en]]></value>
				</property>
				<property>
					<name>search.exclude</name>
					<value><![CDATA[all]]></value>
				</property>
			</properties>
			<relations/>
			<accesscontrol/>
		</file>
		<file>
			<source>.formatters/section-head-top-big-image-right.xml</source>
			<destination>.formatters/section-head-top-big-image-right.xml</destination>
			<type>macro_formatter</type>
			<uuidstructure>eb73cc6f-a102-11e6-b3cf-c3d2e24f648c</uuidstructure>
			<uuidresource>eb73cc70-a102-11e6-b3cf-c3d2e24f648c</uuidresource>
			<datelastmodified>Wed, 02 Nov 2016 08:17:31 GMT</datelastmodified>
			<userlastmodified>Admin</userlastmodified>
			<datecreated>Wed, 02 Nov 2016 13:47:39 GMT</datecreated>
			<usercreated>Admin</usercreated>
			<flags>0</flags>
			<properties>
				<property>
					<name>Title</name>
					<value><![CDATA[Headline on top, big image right]]></value>
				</property>
				<property>
					<name>cache</name>
					<value><![CDATA[container-element;locale;uri]]></value>
				</property>
				<property>
					<name>locale</name>
					<value><![CDATA[en]]></value>
				</property>
				<property>
					<name>locale-available</name>
					<value><![CDATA[en]]></value>
				</property>
				<property>
					<name>search.exclude</name>
					<value><![CDATA[all]]></value>
				</property>
			</properties>
			<relations/>
			<accesscontrol/>
		</file>
		<file>
			<source>.formatters/section-head-top-small-image-left.xml</source>
			<destination>.formatters/section-head-top-small-image-left.xml</destination>
			<type>macro_formatter</type>
			<uuidstructure>eb7ca616-a102-11e6-b3cf-c3d2e24f648c</uuidstructure>
			<uuidresource>eb7ca617-a102-11e6-b3cf-c3d2e24f648c</uuidresource>
			<datelastmodified>Wed, 02 Nov 2016 08:17:31 GMT</datelastmodified>
			<userlastmodified>Admin</userlastmodified>
			<datecreated>Wed, 02 Nov 2016 13:47:39 GMT</datecreated>
			<usercreated>Admin</usercreated>
			<flags>0</flags>
			<properties>
				<property>
					<name>Title</name>
					<value><![CDATA[Headline on top, small image left]]></value>
				</property>
				<property>
					<name>cache</name>
					<value><![CDATA[container-element;locale;uri]]></value>
				</property>
				<property>
					<name>locale</name>
					<value><![CDATA[en]]></value>
				</property>
				<property>
					<name>locale-available</name>
					<value><![CDATA[en]]></value>
				</property>
				<property>
					<name>search.exclude</name>
					<value><![CDATA[all]]></value>
				</property>
			</properties>
			<relations/>
			<accesscontrol/>
		</file>
		<file>
			<source>.formatters/section-head-top-small-image-right.xml</source>
			<destination>.formatters/section-head-top-small-image-right.xml</destination>
			<type>macro_formatter</type>
			<uuidstructure>eb86912d-a102-11e6-b3cf-c3d2e24f648c</uuidstructure>
			<uuidresource>eb86912e-a102-11e6-b3cf-c3d2e24f648c</uuidresource>
			<datelastmodified>Wed, 02 Nov 2016 08:17:31 GMT</datelastmodified>
			<userlastmodified>Admin</userlastmodified>
			<datecreated>Wed, 02 Nov 2016 13:47:39 GMT</datecreated>
			<usercreated>Admin</usercreated>
			<flags>0</flags>
			<properties>
				<property>
					<name>Title</name>
					<value><![CDATA[Headline on top, small image right]]></value>
				</property>
				<property>
					<name>cache</name>
					<value><![CDATA[container-element;locale;uri]]></value>
				</property>
				<property>
					<name>locale</name>
					<value><![CDATA[en]]></value>
				</property>
				<property>
					<name>locale-available</name>
					<value><![CDATA[en]]></value>
				</property>
				<property>
					<name>search.exclude</name>
					<value><![CDATA[all]]></value>
				</property>
			</properties>
			<relations/>
			<accesscontrol/>
		</file>
		<file>
			<source>.formatters/section-image-animation-head-and-text.xml</source>
			<destination>.formatters/section-image-animation-head-and-text.xml</destination>
			<type>macro_formatter</type>
			<uuidstructure>eb90a354-a102-11e6-b3cf-c3d2e24f648c</uuidstructure>
			<uuidresource>eb90a355-a102-11e6-b3cf-c3d2e24f648c</uuidresource>
			<datelastmodified>Wed, 02 Nov 2016 08:17:31 GMT</datelastmodified>
			<userlastmodified>Admin</userlastmodified>
			<datecreated>Wed, 02 Nov 2016 13:47:39 GMT</datecreated>
			<usercreated>Admin</usercreated>
			<flags>0</flags>
			<properties>
				<property>
					<name>Title</name>
					<value><![CDATA[Image animation with headline and text]]></value>
				</property>
			</properties>
			<relations/>
			<accesscontrol/>
		</file>
		<file>
			<source>.formatters/section-image-only.xml</source>
			<destination>.formatters/section-image-only.xml</destination>
			<type>macro_formatter</type>
			<uuidstructure>eb986b87-a102-11e6-b3cf-c3d2e24f648c</uuidstructure>
			<uuidresource>eb986b88-a102-11e6-b3cf-c3d2e24f648c</uuidresource>
			<datelastmodified>Wed, 02 Nov 2016 08:17:31 GMT</datelastmodified>
			<userlastmodified>Admin</userlastmodified>
			<datecreated>Wed, 02 Nov 2016 13:47:39 GMT</datecreated>
			<usercreated>Admin</usercreated>
			<flags>0</flags>
			<properties>
				<property>
					<name>Title</name>
					<value><![CDATA[Image only]]></value>
				</property>
				<property>
					<name>cache</name>
					<value><![CDATA[container-element;locale;uri]]></value>
				</property>
				<property>
					<name>locale</name>
					<value><![CDATA[en]]></value>
				</property>
				<property>
					<name>locale-available</name>
					<value><![CDATA[en]]></value>
				</property>
				<property>
					<name>search.exclude</name>
					<value><![CDATA[all]]></value>
				</property>
			</properties>
			<relations/>
			<accesscontrol/>
		</file>
		<file>
			<source>.formatters/section-text-only.xml</source>
			<destination>.formatters/section-text-only.xml</destination>
			<type>macro_formatter</type>
			<uuidstructure>eba081de-a102-11e6-b3cf-c3d2e24f648c</uuidstructure>
			<uuidresource>eba081df-a102-11e6-b3cf-c3d2e24f648c</uuidresource>
			<datelastmodified>Wed, 02 Nov 2016 08:17:31 GMT</datelastmodified>
			<userlastmodified>Admin</userlastmodified>
			<datecreated>Wed, 02 Nov 2016 13:47:39 GMT</datecreated>
			<usercreated>Admin</usercreated>
			<flags>0</flags>
			<properties>
				<property>
					<name>Title</name>
					<value><![CDATA[Text only]]></value>
				</property>
				<property>
					<name>cache</name>
					<value><![CDATA[container-element;locale;uri]]></value>
				</property>
				<property>
					<name>locale</name>
					<value><![CDATA[en]]></value>
				</property>
				<property>
					<name>locale-available</name>
					<value><![CDATA[en]]></value>
				</property>
				<property>
					<name>search.exclude</name>
					<value><![CDATA[all]]></value>
				</property>
			</properties>
			<relations/>
			<accesscontrol/>
		</file>
		<file>
			<destination>.galleries</destination>
			<type>folder</type>
			<uuidstructure>89b175b5-a0fc-11e6-b3cf-c3d2e24f648c</uuidstructure>
			<datelastmodified>Wed, 02 Nov 2016 13:01:58 GMT</datelastmodified>
			<userlastmodified>Admin</userlastmodified>
			<datecreated>Wed, 02 Nov 2016 13:01:58 GMT</datecreated>
			<usercreated>Admin</usercreated>
			<flags>0</flags>
			<properties>
				<property>
					<name>Title</name>
					<value><![CDATA[Site galleries]]></value>
				</property>
			</properties>
			<relations/>
			<accesscontrol/>
		</file>
		<file>
			<destination>.galleries/cliparts</destination>
			<type>imagegallery</type>
			<uuidstructure>89b7b748-a0fc-11e6-b3cf-c3d2e24f648c</uuidstructure>
			<datelastmodified>Wed, 02 Nov 2016 13:01:58 GMT</datelastmodified>
			<userlastmodified>Admin</userlastmodified>
			<datecreated>Wed, 02 Nov 2016 13:01:58 GMT</datecreated>
			<usercreated>Admin</usercreated>
			<flags>0</flags>
			<properties>
				<property>
					<name>Title</name>
					<value><![CDATA[Demo: Cliparts]]></value>
				</property>
			</properties>
			<relations/>
			<accesscontrol/>
		</file>
		<file>
			<source>.galleries/cliparts/default.png</source>
			<destination>.galleries/cliparts/default.png</destination>
			<type>image</type>
			<uuidstructure>8a5222df-a0fc-11e6-b3cf-c3d2e24f648c</uuidstructure>
			<uuidresource>8a5222e0-a0fc-11e6-b3cf-c3d2e24f648c</uuidresource>
			<datelastmodified>Wed, 02 Nov 2016 08:17:33 GMT</datelastmodified>
			<userlastmodified>Admin</userlastmodified>
			<datecreated>Wed, 02 Nov 2016 13:01:59 GMT</datecreated>
			<usercreated>Admin</usercreated>
			<flags>0</flags>
			<properties>
				<property>
					<name>Copyright</name>
					<value><![CDATA[CC0 Public Domain / alkacon.com]]></value>
				</property>
				<property>
					<name>Title</name>
					<value><![CDATA[Default placeholder image]]></value>
				</property>
				<property type="shared">
					<name>image.size</name>
					<value><![CDATA[w:640,h:480]]></value>
				</property>
			</properties>
			<relations/>
			<accesscontrol/>
		</file>
		<file>
			<destination>.galleries/office</destination>
			<type>imagegallery</type>
			<uuidstructure>8a57ee44-a0fc-11e6-b3cf-c3d2e24f648c</uuidstructure>
			<datelastmodified>Wed, 02 Nov 2016 13:01:59 GMT</datelastmodified>
			<userlastmodified>Admin</userlastmodified>
			<datecreated>Wed, 02 Nov 2016 13:01:59 GMT</datecreated>
			<usercreated>Admin</usercreated>
			<flags>0</flags>
			<properties>
				<property>
					<name>Title</name>
					<value><![CDATA[Demo: Office and things]]></value>
				</property>
			</properties>
			<relations/>
			<accesscontrol/>
		</file>
		<file>
			<source>.galleries/office/02.jpg</source>
			<destination>.galleries/office/02.jpg</destination>
			<type>image</type>
			<uuidstructure>8a629cab-a0fc-11e6-b3cf-c3d2e24f648c</uuidstructure>
			<uuidresource>8a629cac-a0fc-11e6-b3cf-c3d2e24f648c</uuidresource>
			<datelastmodified>Wed, 02 Nov 2016 08:17:33 GMT</datelastmodified>
			<userlastmodified>Admin</userlastmodified>
			<datecreated>Wed, 02 Nov 2016 13:01:59 GMT</datecreated>
			<usercreated>Admin</usercreated>
			<flags>0</flags>
			<properties>
				<property>
					<name>Copyright</name>
					<value><![CDATA[CC0 Public Domain / unsplash.com]]></value>
				</property>
				<property type="shared">
					<name>image.size</name>
					<value><![CDATA[w:1024,h:768]]></value>
				</property>
			</properties>
			<relations/>
			<accesscontrol/>
		</file>
		<file>
			<source>.galleries/office/06.jpg</source>
			<destination>.galleries/office/06.jpg</destination>
			<type>image</type>
			<uuidstructure>8a7bca0b-a0fc-11e6-b3cf-c3d2e24f648c</uuidstructure>
			<uuidresource>8a7bca0c-a0fc-11e6-b3cf-c3d2e24f648c</uuidresource>
			<datelastmodified>Wed, 02 Nov 2016 08:17:33 GMT</datelastmodified>
			<userlastmodified>Admin</userlastmodified>
			<datecreated>Wed, 02 Nov 2016 13:01:59 GMT</datecreated>
			<usercreated>Admin</usercreated>
			<flags>0</flags>
			<properties>
				<property>
					<name>Copyright</name>
					<value><![CDATA[CC0 Public Domain / unsplash.com]]></value>
				</property>
				<property type="shared">
					<name>image.size</name>
					<value><![CDATA[w:1024,h:768]]></value>
				</property>
			</properties>
			<relations/>
			<accesscontrol/>
		</file>
		<file>
			<source>.galleries/office/08.jpg</source>
			<destination>.galleries/office/08.jpg</destination>
			<type>image</type>
			<uuidstructure>8a887443-a0fc-11e6-b3cf-c3d2e24f648c</uuidstructure>
			<uuidresource>8a887444-a0fc-11e6-b3cf-c3d2e24f648c</uuidresource>
			<datelastmodified>Wed, 02 Nov 2016 08:17:34 GMT</datelastmodified>
			<userlastmodified>Admin</userlastmodified>
			<datecreated>Wed, 02 Nov 2016 13:01:59 GMT</datecreated>
			<usercreated>Admin</usercreated>
			<flags>0</flags>
			<properties>
				<property>
					<name>Copyright</name>
					<value><![CDATA[CC0 Public Domain / unsplash.com]]></value>
				</property>
				<property type="shared">
					<name>image.size</name>
					<value><![CDATA[w:1024,h:768]]></value>
				</property>
			</properties>
			<relations/>
			<accesscontrol/>
		</file>
		<file>
			<source>.galleries/office/WriteAndDeleteLogo.png</source>
			<destination>.galleries/office/WriteAndDeleteLogo.png</destination>
			<type>image</type>
			<uuidstructure>9281ee8d-a1b5-11e6-b937-c3d2e24f648c</uuidstructure>
			<uuidresource>9281ee8e-a1b5-11e6-b937-c3d2e24f648c</uuidresource>
			<datelastmodified>Thu, 03 Nov 2016 11:06:30 GMT</datelastmodified>
			<userlastmodified>Admin</userlastmodified>
			<datecreated>Thu, 03 Nov 2016 11:06:30 GMT</datecreated>
			<usercreated>Admin</usercreated>
			<flags>0</flags>
			<properties>
				<property>
					<name>Title</name>
					<value><![CDATA[WriteAndDeleteLogo]]></value>
				</property>
				<property type="shared">
					<name>image.size</name>
					<value><![CDATA[w:170,h:42]]></value>
				</property>
			</properties>
			<relations/>
			<accesscontrol/>
		</file>
		<file>
			<destination>.galleries/people</destination>
			<type>imagegallery</type>
			<uuidstructure>8af19697-a0fc-11e6-b3cf-c3d2e24f648c</uuidstructure>
			<datelastmodified>Wed, 02 Nov 2016 13:02:00 GMT</datelastmodified>
			<userlastmodified>Admin</userlastmodified>
			<datecreated>Wed, 02 Nov 2016 13:02:00 GMT</datecreated>
			<usercreated>Admin</usercreated>
			<flags>0</flags>
			<properties>
				<property>
					<name>Title</name>
					<value><![CDATA[Demo: People images]]></value>
				</property>
			</properties>
			<relations/>
			<accesscontrol/>
		</file>
		<file>
			<source>.galleries/people/09.jpg</source>
			<destination>.galleries/people/09.jpg</destination>
			<type>image</type>
			<uuidstructure>8b27c1ea-a0fc-11e6-b3cf-c3d2e24f648c</uuidstructure>
			<uuidresource>8b27c1eb-a0fc-11e6-b3cf-c3d2e24f648c</uuidresource>
			<datelastmodified>Wed, 02 Nov 2016 08:17:37 GMT</datelastmodified>
			<userlastmodified>Admin</userlastmodified>
			<datecreated>Wed, 02 Nov 2016 13:02:00 GMT</datecreated>
			<usercreated>Admin</usercreated>
			<flags>0</flags>
			<properties>
				<property>
					<name>Copyright</name>
					<value><![CDATA[CC0 Public Domain / David Niblack /  imagebase.net]]></value>
				</property>
				<property type="shared">
					<name>image.size</name>
					<value><![CDATA[w:1024,h:768]]></value>
				</property>
			</properties>
			<relations/>
			<accesscontrol/>
		</file>
		<file>
			<source>.galleries/people/13.jpg</source>
			<destination>.galleries/people/13.jpg</destination>
			<type>image</type>
			<uuidstructure>8b3fb6ca-a0fc-11e6-b3cf-c3d2e24f648c</uuidstructure>
			<uuidresource>8b3fb6cb-a0fc-11e6-b3cf-c3d2e24f648c</uuidresource>
			<datelastmodified>Wed, 02 Nov 2016 08:17:38 GMT</datelastmodified>
			<userlastmodified>Admin</userlastmodified>
			<datecreated>Wed, 02 Nov 2016 13:02:00 GMT</datecreated>
			<usercreated>Admin</usercreated>
			<flags>0</flags>
			<properties>
				<property>
					<name>Copyright</name>
					<value><![CDATA[CC0 Public Domain / David Niblack /  imagebase.net]]></value>
				</property>
				<property type="shared">
					<name>image.size</name>
					<value><![CDATA[w:1024,h:768]]></value>
				</property>
			</properties>
			<relations/>
			<accesscontrol/>
		</file>
		<file>
			<source>.galleries/people/19.jpg</source>
			<destination>.galleries/people/19.jpg</destination>
			<type>image</type>
			<uuidstructure>8b6651b2-a0fc-11e6-b3cf-c3d2e24f648c</uuidstructure>
			<uuidresource>8b6651b3-a0fc-11e6-b3cf-c3d2e24f648c</uuidresource>
			<datelastmodified>Wed, 02 Nov 2016 08:17:39 GMT</datelastmodified>
			<userlastmodified>Admin</userlastmodified>
			<datecreated>Wed, 02 Nov 2016 13:02:01 GMT</datecreated>
			<usercreated>Admin</usercreated>
			<flags>0</flags>
			<properties>
				<property>
					<name>Copyright</name>
					<value><![CDATA[CC0 Public Domain / publicdomainpictures.net]]></value>
				</property>
				<property type="shared">
					<name>image.size</name>
					<value><![CDATA[w:768,h:1024]]></value>
				</property>
			</properties>
			<relations/>
			<accesscontrol/>
		</file>
		<file>
			<destination>.galleries/slider</destination>
			<type>imagegallery</type>
			<uuidstructure>8d78901d-a0fc-11e6-b3cf-c3d2e24f648c</uuidstructure>
			<datelastmodified>Wed, 02 Nov 2016 13:02:04 GMT</datelastmodified>
			<userlastmodified>Admin</userlastmodified>
			<datecreated>Wed, 02 Nov 2016 13:02:04 GMT</datecreated>
			<usercreated>Admin</usercreated>
			<flags>0</flags>
			<properties>
				<property>
					<name>Title</name>
					<value><![CDATA[Demo: Slider images]]></value>
				</property>
			</properties>
			<relations/>
			<accesscontrol/>
		</file>
		<file>
			<source>.galleries/slider/bg_sl_03.jpg</source>
			<destination>.galleries/slider/bg_sl_03.jpg</destination>
			<type>image</type>
			<uuidstructure>8d89a728-a0fc-11e6-b3cf-c3d2e24f648c</uuidstructure>
			<uuidresource>8d89a729-a0fc-11e6-b3cf-c3d2e24f648c</uuidresource>
			<datelastmodified>Wed, 02 Nov 2016 08:17:47 GMT</datelastmodified>
			<userlastmodified>Admin</userlastmodified>
			<datecreated>Wed, 02 Nov 2016 13:02:04 GMT</datecreated>
			<usercreated>Admin</usercreated>
			<flags>0</flags>
			<properties>
				<property>
					<name>Copyright</name>
					<value><![CDATA[CC BY-NC-SA / Alkacon Software - http://alkacon.com]]></value>
				</property>
				<property type="shared">
					<name>image.size</name>
					<value><![CDATA[w:1920,h:500]]></value>
				</property>
			</properties>
			<relations/>
			<accesscontrol/>
		</file>
		<file>
			<source>.galleries/slider/bg_sl_04.jpg</source>
			<destination>.galleries/slider/bg_sl_04.jpg</destination>
			<type>image</type>
			<uuidstructure>8d90ac0c-a0fc-11e6-b3cf-c3d2e24f648c</uuidstructure>
			<uuidresource>8d90ac0d-a0fc-11e6-b3cf-c3d2e24f648c</uuidresource>
			<datelastmodified>Wed, 02 Nov 2016 08:17:48 GMT</datelastmodified>
			<userlastmodified>Admin</userlastmodified>
			<datecreated>Wed, 02 Nov 2016 13:02:04 GMT</datecreated>
			<usercreated>Admin</usercreated>
			<flags>0</flags>
			<properties>
				<property>
					<name>Copyright</name>
					<value><![CDATA[CC BY-NC-SA / Alkacon Software - http://alkacon.com]]></value>
				</property>
				<property type="shared">
					<name>image.size</name>
					<value><![CDATA[w:1920,h:500]]></value>
				</property>
			</properties>
			<relations/>
			<accesscontrol/>
		</file>
		<file>
			<source>.galleries/slider/bg_sl_05.jpg</source>
			<destination>.galleries/slider/bg_sl_05.jpg</destination>
			<type>image</type>
			<uuidstructure>8d984c30-a0fc-11e6-b3cf-c3d2e24f648c</uuidstructure>
			<uuidresource>8d984c31-a0fc-11e6-b3cf-c3d2e24f648c</uuidresource>
			<datelastmodified>Wed, 02 Nov 2016 08:17:48 GMT</datelastmodified>
			<userlastmodified>Admin</userlastmodified>
			<datecreated>Wed, 02 Nov 2016 13:02:04 GMT</datecreated>
			<usercreated>Admin</usercreated>
			<flags>0</flags>
			<properties>
				<property>
					<name>Copyright</name>
					<value><![CDATA[CC BY-NC-SA / Alkacon Software - http://alkacon.com]]></value>
				</property>
				<property type="shared">
					<name>image.size</name>
					<value><![CDATA[w:1920,h:500]]></value>
				</property>
			</properties>
			<relations/>
			<accesscontrol/>
		</file>
		<file>
			<destination>home</destination>
			<type>folder</type>
			<uuidstructure>129c5662-a106-11e6-b3cf-c3d2e24f648c</uuidstructure>
			<datelastmodified>Wed, 02 Nov 2016 14:10:17 GMT</datelastmodified>
			<userlastmodified>Admin</userlastmodified>
			<datecreated>Wed, 02 Nov 2016 14:10:13 GMT</datecreated>
			<usercreated>Admin</usercreated>
			<flags>0</flags>
			<properties>
				<property>
					<name>NavPos</name>
					<value><![CDATA[5.0]]></value>
				</property>
				<property>
					<name>NavText</name>
					<value><![CDATA[Home]]></value>
				</property>
				<property>
					<name>Title</name>
					<value><![CDATA[Home]]></value>
				</property>
			</properties>
			<relations/>
			<accesscontrol/>
		</file>
		<file>
			<source>home/index.html</source>
			<destination>home/index.html</destination>
			<type>containerpage</type>
			<uuidstructure>12a7c817-a106-11e6-b3cf-c3d2e24f648c</uuidstructure>
			<uuidresource>12a7c818-a106-11e6-b3cf-c3d2e24f648c</uuidresource>
			<datelastmodified>Wed, 02 Nov 2016 14:18:09 GMT</datelastmodified>
			<userlastmodified>Admin</userlastmodified>
			<datecreated>Wed, 02 Nov 2016 14:10:13 GMT</datecreated>
			<usercreated>Admin</usercreated>
			<flags>0</flags>
			<properties>
				<property>
					<name>Title</name>
					<value><![CDATA[Home]]></value>
				</property>
				<property type="shared">
					<name>Title</name>
					<value><![CDATA[Default Model for site "Unilingual"]]></value>
				</property>
			</properties>
			<relations/>
			<accesscontrol/>
		</file>
		<file>
			<destination>philosophy</destination>
			<type>folder</type>
			<uuidstructure>32767b5d-a106-11e6-b3cf-c3d2e24f648c</uuidstructure>
			<datelastmodified>Wed, 02 Nov 2016 14:11:15 GMT</datelastmodified>
			<userlastmodified>Admin</userlastmodified>
			<datecreated>Wed, 02 Nov 2016 14:11:06 GMT</datecreated>
			<usercreated>Admin</usercreated>
			<flags>0</flags>
			<properties>
				<property>
					<name>NavPos</name>
					<value><![CDATA[5.5]]></value>
				</property>
				<property>
					<name>NavText</name>
					<value><![CDATA[Philosophy]]></value>
				</property>
				<property>
					<name>Title</name>
					<value><![CDATA[Philosophy]]></value>
				</property>
			</properties>
			<relations/>
			<accesscontrol/>
		</file>
		<file>
			<source>philosophy/index.html</source>
			<destination>philosophy/index.html</destination>
			<type>containerpage</type>
			<uuidstructure>3282d772-a106-11e6-b3cf-c3d2e24f648c</uuidstructure>
			<uuidresource>3282d773-a106-11e6-b3cf-c3d2e24f648c</uuidresource>
			<datelastmodified>Thu, 03 Nov 2016 09:30:23 GMT</datelastmodified>
			<userlastmodified>Admin</userlastmodified>
			<datecreated>Wed, 02 Nov 2016 14:11:07 GMT</datecreated>
			<usercreated>Admin</usercreated>
			<flags>0</flags>
			<properties>
				<property>
					<name>Title</name>
					<value><![CDATA[Philosophy]]></value>
				</property>
				<property type="shared">
					<name>Title</name>
					<value><![CDATA[Default Model for site "Unilingual"]]></value>
				</property>
			</properties>
			<relations/>
			<accesscontrol/>
		</file>
		<file>
			<destination>products</destination>
			<type>folder</type>
			<uuidstructure>3c0adfe8-a106-11e6-b3cf-c3d2e24f648c</uuidstructure>
			<datelastmodified>Wed, 02 Nov 2016 14:11:28 GMT</datelastmodified>
			<userlastmodified>Admin</userlastmodified>
			<datecreated>Wed, 02 Nov 2016 14:11:23 GMT</datecreated>
			<usercreated>Admin</usercreated>
			<flags>0</flags>
			<properties>
				<property>
					<name>NavPos</name>
					<value><![CDATA[5.75]]></value>
				</property>
				<property>
					<name>NavText</name>
					<value><![CDATA[Products]]></value>
				</property>
				<property>
					<name>Title</name>
					<value><![CDATA[Products]]></value>
				</property>
				<property>
					<name>default-file</name>
					<value><![CDATA[##navigation_level_folder##]]></value>
				</property>
			</properties>
			<relations/>
			<accesscontrol/>
		</file>
		<file>
			<source>products/index.html</source>
			<destination>products/index.html</destination>
			<type>htmlredirect</type>
			<uuidstructure>3c136b6e-a106-11e6-b3cf-c3d2e24f648c</uuidstructure>
			<uuidresource>3c136b6f-a106-11e6-b3cf-c3d2e24f648c</uuidresource>
			<datelastmodified>Wed, 02 Nov 2016 14:11:23 GMT</datelastmodified>
			<userlastmodified>Admin</userlastmodified>
			<datecreated>Wed, 02 Nov 2016 14:11:23 GMT</datecreated>
			<usercreated>Admin</usercreated>
			<flags>0</flags>
			<properties>
				<property>
					<name>Title</name>
					<value><![CDATA[Redirect to first page in navigation]]></value>
				</property>
				<property>
					<name>locale-available</name>
					<value><![CDATA[en]]></value>
				</property>
				<property>
					<name>search.exclude</name>
					<value><![CDATA[all]]></value>
				</property>
				<property type="shared">
					<name>template-elements</name>
					<value><![CDATA[/system/modules/org.opencms.ade.sitemap/pages/redirect-detail.jsp]]></value>
				</property>
			</properties>
			<relations/>
			<accesscontrol/>
		</file>
		<file>
			<destination>products/pencils</destination>
			<type>folder</type>
			<uuidstructure>4adf4301-a106-11e6-b3cf-c3d2e24f648c</uuidstructure>
			<datelastmodified>Wed, 02 Nov 2016 14:11:52 GMT</datelastmodified>
			<userlastmodified>Admin</userlastmodified>
			<datecreated>Wed, 02 Nov 2016 14:11:47 GMT</datecreated>
			<usercreated>Admin</usercreated>
			<flags>0</flags>
			<properties>
				<property>
					<name>NavPos</name>
					<value><![CDATA[2.0]]></value>
				</property>
				<property>
					<name>NavText</name>
					<value><![CDATA[Pencils]]></value>
				</property>
				<property>
					<name>Title</name>
					<value><![CDATA[Pencils]]></value>
				</property>
			</properties>
			<relations/>
			<accesscontrol/>
		</file>
		<file>
			<source>products/pencils/index.html</source>
			<destination>products/pencils/index.html</destination>
			<type>containerpage</type>
			<uuidstructure>4aeed366-a106-11e6-b3cf-c3d2e24f648c</uuidstructure>
			<uuidresource>4aeed367-a106-11e6-b3cf-c3d2e24f648c</uuidresource>
			<datelastmodified>Thu, 03 Nov 2016 09:37:44 GMT</datelastmodified>
			<userlastmodified>Admin</userlastmodified>
			<datecreated>Wed, 02 Nov 2016 14:11:48 GMT</datecreated>
			<usercreated>Admin</usercreated>
			<flags>0</flags>
			<properties>
				<property>
					<name>Title</name>
					<value><![CDATA[Pencils]]></value>
				</property>
				<property type="shared">
					<name>Title</name>
					<value><![CDATA[Default Model for site "Unilingual"]]></value>
				</property>
			</properties>
			<relations/>
			<accesscontrol/>
		</file>
		<file>
			<destination>products/rubbers</destination>
			<type>folder</type>
			<uuidstructure>44f1c666-a106-11e6-b3cf-c3d2e24f648c</uuidstructure>
			<datelastmodified>Wed, 02 Nov 2016 14:11:42 GMT</datelastmodified>
			<userlastmodified>Admin</userlastmodified>
			<datecreated>Wed, 02 Nov 2016 14:11:38 GMT</datecreated>
			<usercreated>Admin</usercreated>
			<flags>0</flags>
			<properties>
				<property>
					<name>NavPos</name>
					<value><![CDATA[1.0]]></value>
				</property>
				<property>
					<name>NavText</name>
					<value><![CDATA[Rubbers]]></value>
				</property>
				<property>
					<name>Title</name>
					<value><![CDATA[Rubbers]]></value>
				</property>
			</properties>
			<relations/>
			<accesscontrol/>
		</file>
		<file>
			<source>products/rubbers/index.html</source>
			<destination>products/rubbers/index.html</destination>
			<type>containerpage</type>
			<uuidstructure>44fd381b-a106-11e6-b3cf-c3d2e24f648c</uuidstructure>
			<uuidresource>44fd381c-a106-11e6-b3cf-c3d2e24f648c</uuidresource>
			<datelastmodified>Thu, 03 Nov 2016 09:33:50 GMT</datelastmodified>
			<userlastmodified>Admin</userlastmodified>
			<datecreated>Wed, 02 Nov 2016 14:11:38 GMT</datecreated>
			<usercreated>Admin</usercreated>
			<flags>0</flags>
			<properties>
				<property>
					<name>Title</name>
					<value><![CDATA[Rubbers]]></value>
				</property>
				<property type="shared">
					<name>Title</name>
					<value><![CDATA[Default Model for site "Unilingual"]]></value>
				</property>
			</properties>
			<relations/>
			<accesscontrol/>
		</file>
		<file>
			<destination>search</destination>
			<type>folder</type>
			<uuidstructure>294bd960-a0ff-11e6-b3cf-c3d2e24f648c</uuidstructure>
			<datelastmodified>Wed, 02 Nov 2016 13:20:55 GMT</datelastmodified>
			<userlastmodified>Admin</userlastmodified>
			<datecreated>Wed, 02 Nov 2016 13:20:45 GMT</datecreated>
			<usercreated>Admin</usercreated>
			<flags>0</flags>
			<properties>
				<property>
					<name>NavInfo</name>
					<value><![CDATA[ignoreInDefaultNav]]></value>
				</property>
				<property>
					<name>NavPos</name>
					<value><![CDATA[6.0]]></value>
				</property>
				<property>
					<name>NavText</name>
					<value><![CDATA[Search]]></value>
				</property>
				<property>
					<name>Title</name>
					<value><![CDATA[Search]]></value>
				</property>
			</properties>
			<relations/>
			<accesscontrol/>
		</file>
		<file>
			<source>search/index.html</source>
			<destination>search/index.html</destination>
			<type>containerpage</type>
			<uuidstructure>29761dbb-a0ff-11e6-b3cf-c3d2e24f648c</uuidstructure>
			<uuidresource>29761dbc-a0ff-11e6-b3cf-c3d2e24f648c</uuidresource>
			<datelastmodified>Thu, 03 Nov 2016 09:49:58 GMT</datelastmodified>
			<userlastmodified>Admin</userlastmodified>
			<datecreated>Wed, 02 Nov 2016 13:20:45 GMT</datecreated>
			<usercreated>Admin</usercreated>
			<flags>0</flags>
			<properties>
				<property>
					<name>Title</name>
					<value><![CDATA[Search]]></value>
				</property>
				<property type="shared">
					<name>Title</name>
					<value><![CDATA[Default Model for site "Unilingual"]]></value>
				</property>
			</properties>
			<relations/>
			<accesscontrol/>
		</file>
		<file>
			<destination>team</destination>
			<type>folder</type>
			<uuidstructure>577575dc-a106-11e6-b3cf-c3d2e24f648c</uuidstructure>
			<datelastmodified>Wed, 02 Nov 2016 14:12:21 GMT</datelastmodified>
			<userlastmodified>Admin</userlastmodified>
			<datecreated>Wed, 02 Nov 2016 14:12:09 GMT</datecreated>
			<usercreated>Admin</usercreated>
			<flags>0</flags>
			<properties>
				<property>
					<name>NavPos</name>
					<value><![CDATA[5.875]]></value>
				</property>
				<property>
					<name>NavText</name>
					<value><![CDATA[Team]]></value>
				</property>
				<property>
					<name>Title</name>
					<value><![CDATA[Team]]></value>
				</property>
			</properties>
			<relations/>
			<accesscontrol/>
		</file>
		<file>
			<source>team/index.html</source>
			<destination>team/index.html</destination>
			<type>containerpage</type>
			<uuidstructure>57833181-a106-11e6-b3cf-c3d2e24f648c</uuidstructure>
			<uuidresource>57833182-a106-11e6-b3cf-c3d2e24f648c</uuidresource>
			<datelastmodified>Thu, 03 Nov 2016 09:45:11 GMT</datelastmodified>
			<userlastmodified>Admin</userlastmodified>
			<datecreated>Wed, 02 Nov 2016 14:12:09 GMT</datecreated>
			<usercreated>Admin</usercreated>
			<flags>0</flags>
			<properties>
				<property>
					<name>Title</name>
					<value><![CDATA[Team]]></value>
				</property>
				<property type="shared">
					<name>Title</name>
					<value><![CDATA[Default Model for site "Unilingual"]]></value>
				</property>
			</properties>
			<relations/>
			<accesscontrol/>
		</file>
	</files>
</export>
