<?xml version="1.0" encoding="UTF-8"?>

<JspSearchConfigs xmlns:xsi="http://www.w3.org/2001/XMLSchema-instance" xsi:noNamespaceSchemaLocation="opencms://system/modules/org.opencms.jsp.search/schemas/jsp-search.xsd">
  <JspSearchConfig language="en">
    <Title><![CDATA[Demo Search Configuration]]></Title>
    <SearchForEmptyQuery>true</SearchForEmptyQuery>
    <QueryModifier><![CDATA[{!type=edismax qf="content_en"}%(query)]]></QueryModifier>
    <ExtraSolrParams><![CDATA[fq=type:containerpage&fq=parent-folders:"/sites/unilingual/"]]></ExtraSolrParams>
    <Highlighting>
      <Field><![CDATA[content_en]]></Field>
      <UseFastVectorHighlighting>false</UseFastVectorHighlighting>
    </Highlighting>
  </JspSearchConfig>
</JspSearchConfigs>
