<?xml version="1.0" encoding="UTF-8"?>

<ApolloSliders xmlns:xsi="http://www.w3.org/2001/XMLSchema-instance" xsi:noNamespaceSchemaLocation="opencms://system/modules/org.opencms.apollo/schemas/slidercomplex.xsd">
  <ApolloSlider language="en">
    <Title><![CDATA[Promo Slider]]></Title>
    <Duration><![CDATA[6000]]></Duration>
    <Width><![CDATA[900]]></Width>
    <Height><![CDATA[500]]></Height>
    <Item>
      <Image>
        <link type="WEAK">
          <target><![CDATA[/sites/singletree/.galleries/slider/bg_sl_04.jpg]]></target>
          <uuid>8d90ac0c-a0fc-11e6-b3cf-c3d2e24f648c</uuid>
        </link>
      </Image>
      <Effect><![CDATA[fade]]></Effect>
      <Slots><![CDATA[5]]></Slots>
      <Delay><![CDATA[300]]></Delay>
    </Item>
    <Item>
      <Image>
        <link type="WEAK">
          <target><![CDATA[/sites/singletree/.galleries/slider/bg_sl_05.jpg]]></target>
          <uuid>8d984c30-a0fc-11e6-b3cf-c3d2e24f648c</uuid>
        </link>
      </Image>
      <Effect><![CDATA[fade]]></Effect>
      <Slots><![CDATA[5]]></Slots>
      <Delay><![CDATA[300]]></Delay>
    </Item>
    <Item>
      <Image>
        <link type="WEAK">
          <target><![CDATA[/sites/singletree/.galleries/slider/bg_sl_03.jpg]]></target>
          <uuid>8d89a728-a0fc-11e6-b3cf-c3d2e24f648c</uuid>
        </link>
      </Image>
      <Effect><![CDATA[fade]]></Effect>
      <Slots><![CDATA[5]]></Slots>
      <Delay><![CDATA[300]]></Delay>
    </Item>
  </ApolloSlider>
</ApolloSliders>
