<?xml version="1.0" encoding="UTF-8"?>

<export>
	<info>
		<infoproject>Offline</infoproject>
		<export_version>10</export_version>
	</info>
	<module>
		<name>com.alkacon.opencms.documentation.examples.contextmenuitem</name>
		<nicename><![CDATA[OpenCms Documentation Example: Context menu item]]></nicename>
		<group>OpenCms Documentation</group>
		<class/>
		<import-site>/</import-site>
		<export-mode name="reduced"/>
		<description><![CDATA[Example on how to add a context menu item in the Explorer App. The module consists only of a jar.]]></description>
		<version>11.0.0</version>
		<authorname><![CDATA[Alkacon Software GmbH]]></authorname>
		<authoremail><![CDATA[sales@alkacon.com]]></authoremail>
		<datecreated/>
		<userinstalled/>
		<dateinstalled/>
		<dependencies/>
		<exportpoints/>
		<resources>
			<resource uri="/system/modules/com.alkacon.opencms.documentation.examples.contextmenuitem/"/>
		</resources>
		<excluderesources/>
		<parameters/>
	</module>
	<files>
		<file>
			<destination>system</destination>
			<type>folder</type>
			<properties/>
		</file>
		<file>
			<destination>system/modules</destination>
			<type>folder</type>
			<properties/>
		</file>
		<file>
			<destination>system/modules/com.alkacon.opencms.documentation.examples.contextmenuitem</destination>
			<type>folder</type>
			<uuidstructure>a34780a5-32cf-11e6-8063-0b6189189569</uuidstructure>
			<datecreated>Wed, 15 Jun 2016 08:03:26 GMT</datecreated>
			<flags>0</flags>
			<properties/>
			<relations/>
			<accesscontrol/>
		</file>
	</files>
</export>
