<?xml version="1.0" encoding="UTF-8"?>

<export>
	<info>
		<infoproject>Offline</infoproject>
		<export_version>10</export_version>
	</info>
	<module>
		<name>com.alkacon.opencms.documentation.examples.contenteditor.nativewidget</name>
		<nicename><![CDATA[OpenCms Documentation Example: Writing a content editor widget without GWT]]></nicename>
		<group>OpenCms Documentation</group>
		<class/>
		<import-site>/</import-site>
		<export-mode name="reduced"/>
		<description><![CDATA[The module contains the implementation of a custom text field widget for the content editor and a resource type definition where the widget is configured in the schema.]]></description>
		<version>11.0.0</version>
		<authorname><![CDATA[Alkacon Software GmbH]]></authorname>
		<authoremail><![CDATA[sales@alkacon.com]]></authoremail>
		<datecreated/>
		<userinstalled/>
		<dateinstalled/>
		<dependencies/>
		<exportpoints/>
		<resources>
			<resource uri="/system/modules/com.alkacon.opencms.documentation.examples.contenteditor.nativewidget/"/>
			<resource uri="/system/workplace/resources/filetypes/documentation-native-widget-example.png"/>
			<resource uri="/system/workplace/resources/filetypes/documentation-native-widget-example_big.png"/>
		</resources>
		<excluderesources/>
		<parameters/>
		<resourcetypes>
			<type class="org.opencms.file.types.CmsResourceTypeXmlContent" name="documentation-native-widget-example" id="370">
				<param name="schema">/system/modules/com.alkacon.opencms.documentation.examples.contenteditor.nativewidget/schemas/documentation-native-widget-example.xsd</param>
			</type>
		</resourcetypes>
		<explorertypes>
			<explorertype name="documentation-native-widget-example" key="fileicon.documentation-native-widget-example" icon="documentation-native-widget-example.png" bigicon="documentation-native-widget-example_big.png" reference="xmlcontent">
				<newresource page="structurecontent" uri="newresource_xmlcontent.jsp?newresourcetype=documentation-native-widget-example" order="10" autosetnavigation="false" autosettitle="false" info="desc.documentation-native-widget-example" key="title.documentation-native-widget-example"/>
			</explorertype>
		</explorertypes>
	</module>
	<files>
		<file>
			<destination>system</destination>
			<type>folder</type>
			<properties/>
		</file>
		<file>
			<destination>system/modules</destination>
			<type>folder</type>
			<properties/>
		</file>
		<file>
			<destination>system/modules/com.alkacon.opencms.documentation.examples.contenteditor.nativewidget</destination>
			<type>folder</type>
			<uuidstructure>dc536f46-aafa-11e6-bca8-116ff2071fc1</uuidstructure>
			<datecreated>Tue, 15 Nov 2016 06:15:09 GMT</datecreated>
			<flags>0</flags>
			<properties/>
			<relations/>
			<accesscontrol/>
		</file>
		<file>
			<source>system/modules/com.alkacon.opencms.documentation.examples.contenteditor.nativewidget/.config</source>
			<destination>system/modules/com.alkacon.opencms.documentation.examples.contenteditor.nativewidget/.config</destination>
			<type>module_config</type>
			<uuidstructure>902c3bb9-aafb-11e6-bca8-116ff2071fc1</uuidstructure>
			<uuidresource>902c3bba-aafb-11e6-bca8-116ff2071fc1</uuidresource>
			<datecreated>Tue, 15 Nov 2016 06:20:11 GMT</datecreated>
			<flags>0</flags>
			<properties>
				<property>
					<name>locale</name>
					<value><![CDATA[en]]></value>
				</property>
				<property>
					<name>locale-available</name>
					<value><![CDATA[en]]></value>
				</property>
				<property>
					<name>search.exclude</name>
					<value><![CDATA[all]]></value>
				</property>
			</properties>
			<relations/>
			<accesscontrol/>
		</file>
		<file>
			<destination>system/modules/com.alkacon.opencms.documentation.examples.contenteditor.nativewidget/i18n</destination>
			<type>folder</type>
			<uuidstructure>83bef84a-aafc-11e6-bca8-116ff2071fc1</uuidstructure>
			<datecreated>Tue, 15 Nov 2016 06:27:00 GMT</datecreated>
			<flags>0</flags>
			<properties/>
			<relations/>
			<accesscontrol/>
		</file>
		<file>
			<source>system/modules/com.alkacon.opencms.documentation.examples.contenteditor.nativewidget/i18n/com.alkacon.opencms.documentation.examples.contenteditor.nativewidget.messages_en</source>
			<destination>system/modules/com.alkacon.opencms.documentation.examples.contenteditor.nativewidget/i18n/com.alkacon.opencms.documentation.examples.contenteditor.nativewidget.messages_en</destination>
			<type>propertyvfsbundle</type>
			<uuidstructure>b05352cc-aafc-11e6-bca8-116ff2071fc1</uuidstructure>
			<uuidresource>b05352cd-aafc-11e6-bca8-116ff2071fc1</uuidresource>
			<datecreated>Tue, 15 Nov 2016 06:28:14 GMT</datecreated>
			<flags>0</flags>
			<properties>
				<property>
					<name>search.exclude</name>
					<value><![CDATA[all]]></value>
				</property>
			</properties>
			<relations/>
			<accesscontrol/>
		</file>
		<file>
			<destination>system/modules/com.alkacon.opencms.documentation.examples.contenteditor.nativewidget/resources</destination>
			<type>folder</type>
			<uuidstructure>5e5d6447-aaff-11e6-bca8-116ff2071fc1</uuidstructure>
			<datecreated>Tue, 15 Nov 2016 06:47:25 GMT</datecreated>
			<flags>0</flags>
			<properties/>
			<relations/>
			<accesscontrol/>
		</file>
		<file>
			<destination>system/modules/com.alkacon.opencms.documentation.examples.contenteditor.nativewidget/resources/js</destination>
			<type>folder</type>
			<uuidstructure>65b0b269-aaff-11e6-bca8-116ff2071fc1</uuidstructure>
			<datecreated>Tue, 15 Nov 2016 06:47:38 GMT</datecreated>
			<flags>0</flags>
			<properties/>
			<relations/>
			<accesscontrol/>
		</file>
		<file>
			<source>system/modules/com.alkacon.opencms.documentation.examples.contenteditor.nativewidget/resources/js/examplewidget.js</source>
			<destination>system/modules/com.alkacon.opencms.documentation.examples.contenteditor.nativewidget/resources/js/examplewidget.js</destination>
			<type>plain</type>
			<uuidstructure>7a0662ab-aaff-11e6-bca8-116ff2071fc1</uuidstructure>
			<uuidresource>7a0662ac-aaff-11e6-bca8-116ff2071fc1</uuidresource>
			<datecreated>Tue, 15 Nov 2016 06:48:12 GMT</datecreated>
			<flags>0</flags>
			<properties/>
			<relations/>
			<accesscontrol/>
		</file>
		<file>
			<destination>system/modules/com.alkacon.opencms.documentation.examples.contenteditor.nativewidget/schemas</destination>
			<type>folder</type>
			<uuidstructure>dc5e6bc8-aafa-11e6-bca8-116ff2071fc1</uuidstructure>
			<datecreated>Tue, 15 Nov 2016 06:15:09 GMT</datecreated>
			<flags>0</flags>
			<properties/>
			<relations/>
			<accesscontrol/>
		</file>
		<file>
			<source>system/modules/com.alkacon.opencms.documentation.examples.contenteditor.nativewidget/schemas/documentation-native-widget-example.xsd</source>
			<destination>system/modules/com.alkacon.opencms.documentation.examples.contenteditor.nativewidget/schemas/documentation-native-widget-example.xsd</destination>
			<type>plain</type>
			<uuidstructure>8fd988be-aafb-11e6-bca8-116ff2071fc1</uuidstructure>
			<uuidresource>8fd988bf-aafb-11e6-bca8-116ff2071fc1</uuidresource>
			<datecreated>Tue, 15 Nov 2016 06:20:10 GMT</datecreated>
			<flags>0</flags>
			<properties>
				<property>
					<name>Title</name>
					<value><![CDATA[Sample resource type schema]]></value>
				</property>
			</properties>
			<relations/>
			<accesscontrol/>
		</file>
		<file>
			<destination>system/workplace</destination>
			<type>folder</type>
			<properties/>
		</file>
		<file>
			<destination>system/workplace/resources</destination>
			<type>folder</type>
			<properties/>
		</file>
		<file>
			<destination>system/workplace/resources/filetypes</destination>
			<type>folder</type>
			<properties/>
		</file>
		<file>
			<source>system/workplace/resources/filetypes/documentation-native-widget-example.png</source>
			<destination>system/workplace/resources/filetypes/documentation-native-widget-example.png</destination>
			<type>image</type>
			<uuidstructure>8fe855d1-aafb-11e6-bca8-116ff2071fc1</uuidstructure>
			<uuidresource>8fe855d2-aafb-11e6-bca8-116ff2071fc1</uuidresource>
			<datecreated>Tue, 15 Nov 2016 06:20:10 GMT</datecreated>
			<flags>0</flags>
			<properties>
				<property>
					<name>Title</name>
					<value><![CDATA[sample-icon]]></value>
				</property>
				<property type="shared">
					<name>image.size</name>
					<value><![CDATA[w:16,h:16]]></value>
				</property>
			</properties>
			<relations/>
			<accesscontrol/>
		</file>
		<file>
			<source>system/workplace/resources/filetypes/documentation-native-widget-example_big.png</source>
			<destination>system/workplace/resources/filetypes/documentation-native-widget-example_big.png</destination>
			<type>image</type>
			<uuidstructure>8fef0c95-aafb-11e6-bca8-116ff2071fc1</uuidstructure>
			<uuidresource>8fef0c96-aafb-11e6-bca8-116ff2071fc1</uuidresource>
			<datecreated>Tue, 15 Nov 2016 06:20:10 GMT</datecreated>
			<flags>0</flags>
			<properties>
				<property>
					<name>Title</name>
					<value><![CDATA[sample-icon_big]]></value>
				</property>
				<property type="shared">
					<name>image.size</name>
					<value><![CDATA[w:24,h:24]]></value>
				</property>
			</properties>
			<relations/>
			<accesscontrol/>
		</file>
	</files>
</export>
