<?xml version="1.0" encoding="UTF-8"?>

<export>
	<info>
		<infoproject>Offline</infoproject>
		<export_version>10</export_version>
	</info>
	<module>
		<name>com.alkacon.opencms.documentation.examples.workplaceapps</name>
		<nicename><![CDATA[OpenCms Documentation Example: Writing workplace apps]]></nicename>
		<group>OpenCms Documentation</group>
		<class/>
		<import-site>/</import-site>
		<export-mode name="reduced"/>
		<description><![CDATA[The module contains the workplace apps and the app category "Example Apps" from the documentation's example.]]></description>
		<version>10.5.0</version>
		<authorname><![CDATA[Alkacon Software GmbH]]></authorname>
		<authoremail><![CDATA[sales@alkacon.com]]></authoremail>
		<datecreated/>
		<userinstalled/>
		<dateinstalled/>
		<dependencies/>
		<exportpoints>
			<exportpoint uri="/system/modules/com.alkacon.opencms.documentation.examples.workplaceapps/lib/" destination="WEB-INF/lib/"/>
		</exportpoints>
		<resources>
			<resource uri="/system/modules/com.alkacon.opencms.documentation.examples.workplaceapps/"/>
		</resources>
		<excluderesources/>
		<parameters/>
	</module>
	<files>
		<file>
			<destination>system</destination>
			<type>folder</type>
			<properties/>
		</file>
		<file>
			<destination>system/modules</destination>
			<type>folder</type>
			<properties/>
		</file>
		<file>
			<destination>system/modules/com.alkacon.opencms.documentation.examples.workplaceapps</destination>
			<type>folder</type>
			<uuidstructure>b64217e5-a683-11e6-a1c1-c3d2e24f648c</uuidstructure>
			<datecreated>Wed, 09 Nov 2016 13:52:11 GMT</datecreated>
			<flags>0</flags>
			<properties/>
			<relations/>
			<accesscontrol/>
		</file>
		<file>
			<destination>system/modules/com.alkacon.opencms.documentation.examples.workplaceapps/lib</destination>
			<type>folder</type>
			<uuidstructure>d36de5b7-a683-11e6-a1c1-c3d2e24f648c</uuidstructure>
			<datecreated>Wed, 09 Nov 2016 13:52:59 GMT</datecreated>
			<flags>0</flags>
			<properties/>
			<relations/>
			<accesscontrol/>
		</file>
		<file>
			<source>system/modules/com.alkacon.opencms.documentation.examples.workplaceapps/lib/com.alkacon.opencms.documentation.examples.workplaceapps.jar</source>
			<destination>system/modules/com.alkacon.opencms.documentation.examples.workplaceapps/lib/com.alkacon.opencms.documentation.examples.workplaceapps.jar</destination>
			<type>binary</type>
			<uuidstructure>e61326da-a683-11e6-a1c1-c3d2e24f648c</uuidstructure>
			<uuidresource>e61326db-a683-11e6-a1c1-c3d2e24f648c</uuidresource>
			<datecreated>Wed, 09 Nov 2016 13:53:31 GMT</datecreated>
			<flags>0</flags>
			<properties/>
			<relations/>
			<accesscontrol/>
		</file>
	</files>
</export>
