<?xml version="1.0" encoding="UTF-8"?>

<ApolloContacts xmlns:xsi="http://www.w3.org/2001/XMLSchema-instance" xsi:noNamespaceSchemaLocation="opencms://system/modules/org.opencms.apollo/schemas/contact.xsd">
  <ApolloContact language="en">
    <Organization><![CDATA[WriteAndDelete GmbH]]></Organization>
    <Name>
      <FirstName><![CDATA[Bob]]></FirstName>
      <LastName><![CDATA[Bold]]></LastName>
    </Name>
    <Position><![CDATA[Engineer]]></Position>
    <Image>
      <Image>
        <link type="WEAK">
          <target><![CDATA[/sites/singletree/.galleries/people/09.jpg]]></target>
          <uuid>8b27c1ea-a0fc-11e6-b3cf-c3d2e24f648c</uuid>
        </link>
      </Image>
      <Copyright><![CDATA[CC0 Public Domain / David Niblack /  imagebase.net]]></Copyright>
    </Image>
    <Contact>
      <Phone><![CDATA[+49 000 00000]]></Phone>
      <Mobile><![CDATA[+49 000 00000]]></Mobile>
      <Email>
        <Email><![CDATA[bob@writeanddelete.com]]></Email>
        <ObfuscateEmail>true</ObfuscateEmail>
      </Email>
    </Contact>
  </ApolloContact>
</ApolloContacts>
