<?xml version="1.0" encoding="UTF-8"?>

<ApolloLinkSequences xmlns:xsi="http://www.w3.org/2001/XMLSchema-instance" xsi:noNamespaceSchemaLocation="opencms://system/modules/org.opencms.apollo/schemas/linksequence.xsd">
  <ApolloLinkSequence language="en">
    <Title><![CDATA[Top Links]]></Title>
    <LinkEntry>
      <Text><![CDATA[Search]]></Text>
      <URI>
        <link internal="true" type="WEAK">
          <target><![CDATA[/sites/singletree/search/]]></target>
          <uuid>294bd960-a0ff-11e6-b3cf-c3d2e24f648c</uuid>
        </link>
      </URI>
    </LinkEntry>
  </ApolloLinkSequence>
</ApolloLinkSequences>
