<?xml version="1.0" encoding="UTF-8"?>

<ApolloSections xmlns:xsi="http://www.w3.org/2001/XMLSchema-instance" xsi:noNamespaceSchemaLocation="opencms://system/modules/org.opencms.apollo/schemas/section.xsd">
  <ApolloSection language="en">
    <Headline><![CDATA[Pencils]]></Headline>
    <Text name="Text0">
      <links/>
      <content><![CDATA[<p>See our huge collection.</p>]]></content>
    </Text>
    <Link>
      <Text/>
      <URI>
        <link internal="true" type="WEAK">
          <target><![CDATA[/sites/singletree/products/pencils/]]></target>
          <uuid>4adf4301-a106-11e6-b3cf-c3d2e24f648c</uuid>
        </link>
      </URI>
    </Link>
  </ApolloSection>
</ApolloSections>
