<?xml version="1.0" encoding="UTF-8"?>

<ApolloSections xmlns:xsi="http://www.w3.org/2001/XMLSchema-instance" xsi:noNamespaceSchemaLocation="opencms://system/modules/org.opencms.apollo/schemas/section.xsd">
  <ApolloSection language="en">
    <Headline><![CDATA[Write and Delete Logo Image]]></Headline>
    <Text name="Text0">
      <links/>
      <content/>
    </Text>
    <Image>
      <Image>
        <link type="WEAK">
          <target><![CDATA[/sites/singletree/.galleries/office/WriteAndDeleteLogo.png]]></target>
          <uuid>9281ee8d-a1b5-11e6-b937-c3d2e24f648c</uuid>
        </link>
      </Image>
    </Image>
    <Link>
      <Text/>
      <URI>
        <link internal="true" type="WEAK">
          <target><![CDATA[/sites/singletree/]]></target>
          <uuid>dc087ed7-e85f-11e6-8065-c18e5d1a14af</uuid>
        </link>
      </URI>
    </Link>
  </ApolloSection>
</ApolloSections>
