<?xml version="1.0" encoding="UTF-8"?>

<ApolloSections xmlns:xsi="http://www.w3.org/2001/XMLSchema-instance" xsi:noNamespaceSchemaLocation="opencms://system/modules/org.opencms.apollo/schemas/section.xsd">
  <ApolloSection language="en">
    <Headline><![CDATA[The perfect solution when to correct your notes]]></Headline>
    <Text name="Text0">
      <links/>
      <content><![CDATA[<p>We produce high quality rubbers to wipe out your notes completely. The rubbers are very durable. They are designed play perfectly together with our pencils.</p>]]></content>
    </Text>
    <Image>
      <Image>
        <link type="WEAK">
          <target><![CDATA[/sites/singletree/.galleries/office/08.jpg]]></target>
          <uuid>8a887443-a0fc-11e6-b3cf-c3d2e24f648c</uuid>
        </link>
      </Image>
      <Copyright><![CDATA[CC0 Public Domain / unsplash.com]]></Copyright>
    </Image>
  </ApolloSection>
</ApolloSections>
