<?xml version="1.0" encoding="UTF-8"?>

<ApolloTemplateRows xmlns:xsi="http://www.w3.org/2001/XMLSchema-instance" xsi:noNamespaceSchemaLocation="opencms://system/modules/org.opencms.apollo/schemas/layoutrow.xsd">
  <ApolloTemplateRow language="en">
    <Title><![CDATA[Area - Foot]]></Title>
    <PreMarkup><![CDATA[<div class="area-foot $(param)">]]></PreMarkup>
    <PostMarkup><![CDATA[</div>]]></PostMarkup>
    <Container><![CDATA[area]]></Container>
    <Column>
      <Name><![CDATA[c1]]></Name>
      <Type><![CDATA[row]]></Type>
      <Editors><![CDATA[ROLE.ELEMENT_AUTHOR]]></Editors>
    </Column>
  </ApolloTemplateRow>
</ApolloTemplateRows>
