<?xml version="1.0" encoding="UTF-8"?>

<ApolloFlexibleElements xmlns:xsi="http://www.w3.org/2001/XMLSchema-instance" xsi:noNamespaceSchemaLocation="opencms://system/modules/org.opencms.apollo/schemas/flexible.xsd">
  <ApolloFlexibleElement language="en">
    <Title><![CDATA[Default Footer]]></Title>
    <Code name="Code0">
      <links>
        <link name="link0" internal="false" type="A">
          <target><![CDATA[mailto:info@writeanddelete.com]]></target>
        </link>
        <link name="link1" internal="true" type="A">
          <target><![CDATA[]]></target>
          <anchor><![CDATA[]]></anchor>
        </link>
        <link name="link2" internal="true" type="A">
          <target><![CDATA[]]></target>
          <anchor><![CDATA[]]></anchor>
        </link>
        <link name="link3" internal="true" type="A">
          <target><![CDATA[]]></target>
          <anchor><![CDATA[]]></anchor>
        </link>
        <link name="link4" internal="true" type="A">
          <target><![CDATA[]]></target>
          <anchor><![CDATA[]]></anchor>
        </link>
      </links>
      <content><![CDATA[<!--=== Footer ===-->
<div class="footer">
<div class="container">
<div class="row">

<div class="col-md-4 md-margin-bottom-40">
<!-- About -->
<div class="headline"><h3>About WriteAndDelete</h3></div>
<p class="margin-bottom-25">WriteAndDelete is a startup for high-quality office equipment that develops innovative solutions for writing and deleting content on paper.
</p></div>
			
<div class="hidden-xs hidden-sm col-md-4 md-margin-bottom-40">
<!-- Mailing List -->
<div class="headline"><h3>Contact us</h3></div>
<p>Write to <a href="%(link0)">info@writeanddelete.com</a> to get more information.
</p></div>

<div class="col-md-4">
<div class="headline"><h3>Social media links</h3></div>
<ul class="ap-social">
<li><a href="%(link1)" data-original-title="Twitter" class="twitter" title="Twitter"><i class="fa fa-twitter"></i></a></li>
<li><a href="%(link2)" data-original-title="Facebook" class="facebook" title="Facebook"><i class="fa fa-facebook"></i></a></li>
<li><a href="%(link3)" data-original-title="Goole Plus" class="googleplus" title="Google+"><i class="fa fa-google-plus"></i></a></li>
<li><a href="%(link4)" data-original-title="Xing" class="xing" title="Xing"><i class="fa fa-xing"></i></a></li>
</ul>
</div>

</div><!--/row-->	
</div><!--/container-->	
</div><!--/footer-->	
<!--=== End Footer ===-->]]></content>
    </Code>
  </ApolloFlexibleElement>
</ApolloFlexibleElements>
