<?xml version="1.0" encoding="UTF-8"?>

<ApolloTemplateRows xmlns:xsi="http://www.w3.org/2001/XMLSchema-instance" xsi:noNamespaceSchemaLocation="opencms://system/modules/org.opencms.apollo/schemas/layoutrow.xsd">
  <ApolloTemplateRow language="en">
    <Title><![CDATA[Row 1 Col (12 - Full)]]></Title>
    <PreMarkup><![CDATA[<div class="row $(param)">]]></PreMarkup>
    <PostMarkup><![CDATA[</div>]]></PostMarkup>
    <Container><![CDATA[row]]></Container>
    <Column>
      <Name><![CDATA[c1]]></Name>
      <Type><![CDATA[element]]></Type>
      <Count><![CDATA[50]]></Count>
      <Editors><![CDATA[ROLE.ELEMENT_AUTHOR]]></Editors>
      <Grid><![CDATA[col-xs-12]]></Grid>
    </Column>
  </ApolloTemplateRow>
</ApolloTemplateRows>
